PK,NOMBRE,NOMBRE-RECON,DESCRIPCION-ENTIDAD,HORARIO,EQUIPAMIENTO,TRANSPORTE,DESCRIPCION,ACCESIBILIDAD,CONTENT-URL,NOMBRE-VIA,CLASE-VIAL,TIPO-NUM,NUM,PLANTA,PUERTA,ESCALERAS,ORIENTACION,LOCALIDAD,PROVINCIA,CODIGO-POSTAL,COD-BARRIO,BARRIO,BARRIO-RECON,COD-DISTRITO,DISTRITO,DISTRITO-RECON,COORDENADA-X,COORDENADA-Y,ID,LATITUD,LONGITUD,TELEFONO,TELEFONO_1,TELEFONO_2,FAX,EMAIL,TIPO
6017808,fuente-del-rey-house-museum,https://wikidata.org/entity/Q28808141,"Fundación AMYC (Arte Moderno y Contemporáneo).   Este museo, situado en Aravaca y conocido también como Casa - Museo Fuente del Rey. Fundación AMYC, ofrece al visitante una colección de más de 250 obras entre pinturas, dibujos y esculturas (198 pinturas, 37 esculturas y 27 dibujos) realizadas desde mediados del siglo XIX hasta principios del XXI. Se exponen piezas de grandes artistas modernistas e impresionistas como Sorolla, Mariano Fortuny, Nonell, Rusiñol, Ramón Casas, Mir, Rendir, Gargallo, Joseph Llimona, Joan Miró, Salvador Dalí, Tapies, Anglada Camarasa o Torres García, entre otros. La colección está formada por los fondos privados del coleccionista y mecenas Francisco Daurella y se muestra en lo que fue su casa. Los más de 3000 metros cuadrados del edificio así como su jardín, han sido rehabilitados para poder acoger las obras en el que es el primer museo de la capital dedicado en exclusiva al arte catalán.","Martes a sábado, de 10 a 19 horas. Lunes, domingos y festivos cerrado. Visitas para grupos de hasta 25 personas dentro de los horarios de apertura. Pueden ser con guía propio o con guía de la Fundación, y la duración de la misma es de una hora, previa reserva telefónica o por email.",,Bus: 161.,,3,http://www.madrid.es/sites/v/index.jsp?vgnextchannel=bfa48ab43d6bb410VgnVCM100000171f5a0aRCRD&vgnextoid=5c1260101310f210VgnVCM1000000b205a0aRCRD,fuente-del-rey,CALLE,V,11.0,,,,,MADRID,MADRID,28023,7,aravaca,https://wikidata.org/entity/Q3314682,9,moncloa-aravaca,https://wikidata.org/entity/Q2017682,434663,4478596,4346634478596,40.45546,-3.7705710000000003,913 579 116,913579116,,0,info@fundacionamyc.org,/contenido/entidadesYorganismos/FundacionesCulturales
4847190,house-museum-of-lope-de-vega,https://wikidata.org/entity/Q948580,"'Mi casilla, mi quietud, mi g&amp;uuml;ertecillo y estudio'. Así define su casa Félix Lope de Vega (1562-1635) en una carta dirigida a un amigo. Situada en pleno centro histórico, en el Barrio de las Letras, la Casa Museo Lope de Vega se ubica en el edificio donde el escritor vivió sus últimos 25 años. La recreación de ambientes, cuyo objetivo es que se respire la presencia de Lope, evoca la vida cotidiana del Siglo de Oro y nos acerca a su intimidad. El equipamiento de la casa incorpora obras de arte, mobiliario, enseres y ediciones bibliográficas vinculadas al literato y su tiempo.","De martes a domingo, de 10 a 18 horas.  Cerrado los lunes, días 1 y 6 de enero, 1 de mayo, 9 de noviembre y 24, 25 y 31 de diciembre. El acceso al museo se hace mediante visitas guiadas en grupo. Es imprescindible reservar con antelación, por teléfono o correo electrónico.",,"Metro: Antón Martín (línea 1), Sevilla (línea 2), Sol (líneas 1, 2 y 3).  Bus: 002, M1, 001, 10, 14, 27, 34, 37, 45, C03, 26, 32, 6, 51,   Cercanías Renfe:  Sol (líneas C3 y C4).   Bicimad: Estaciones 27 (calle Jesús), 52 (plaza de Santa Ana, 10)  Aparcamientos: Cortes (46), plaza de las Cortes; plaza de Santa Ana (77).",,"0,4",http://www.madrid.es/sites/v/index.jsp?vgnextchannel=bfa48ab43d6bb410VgnVCM100000171f5a0aRCRD&vgnextoid=4eff8c46145e8110VgnVCM2000000c205a0aRCRD,cervantes,CALLE,V,11.0,,,,,MADRID,MADRID,28014,3,cortes,https://wikidata.org/entity/Q2535637,1,centro,https://wikidata.org/entity/Q1763376,440825,4473983,4408254473983,40.41436,-3.697466,914 299 216,914299216,,0,casamuseolopedevega@madrid.org,/contenido/entidadesYorganismos/Museos
4949641,casita-museo-del-raton-perez,https://wikidata.org/entity/Q107291466,"La Casita-Museo de Ratón Pérez, constituye un singular lugar que da la bienvenida a cuantos visitantes allí acuden con el deseo de conocer y encontrarse con este extraordinario, único, madrileño y universal ratón.","Visitas familiares:    Lunes a viernes:  de 11 a 14 y de 17 a 20 horas Sábados domingos y festivos: de  11 a 15 y dec16 a 20 horas (Cerrado 25 de diciembre, 1 y 6 de enero, 1 de mayo)   Visitas escolares:   Información y reservas: Lunes a Viernes 09 a 14 horas. Teléfono exclusivo para atender colegios:  607 67 97 75 (solo se atenderán llamadas de peticiones de colegios o asociaciones)",,"Metro: Sol (líneas: 1, 2 y 3), Ópera (líneas 2, 5 y Ramal Ópera Príncipe Pío), Callao (líneas 3, 5).  Bus: M3.  Cercanías Renfe: Sol (líneas C3, C4, C4a, C4b y Regional).  Bicimad: Estaciones 1 (calle Mayor, 6), 31 (calle Mayor, 16), 25 a y b (Plaza Celenque, 1).  Aparcamientos: El Core Inglés Preciados (93) calle Preciados; Descalzas (20) plaza Descalzas y plaza San Martín; plaza del Carmen (8); plaza Mayor (55).","Se aconseja acudan con la entrada adquirida anticipadamente.   En  taquilla.  Whatsapp (634 74 27 68)  No se reservan entradas por correo electrónico, toda información que necesite sobre entradas podrá hacerlo vía whatsapp. Se aconseja reservar con antelación, ESPECIALMENTE los FINES DE SEMANA.",0,http://www.madrid.es/sites/v/index.jsp?vgnextchannel=bfa48ab43d6bb410VgnVCM100000171f5a0aRCRD&vgnextoid=990950e86d4ca110VgnVCM2000000c205a0aRCRD,arenal,CALLE,V,8.0,1.ª,,,,MADRID,MADRID,28013,6,sol,https://wikidata.org/entity/Q2465181,1,centro,https://wikidata.org/entity/Q1763376,440144,4474287,4401444474287,40.41705,-3.7055190000000002,915 226 968,915226968,,0,info@casamuseoratonperez.es,/contenido/entidadesYorganismos/Museos
5682031,castle-of-la-alameda,https://wikidata.org/entity/Q8342365,"El Castillo de la Alameda o de Barajas es uno de los escasos vestigios de la arquitectura militar del pasado siglo XV y uno de los pocos castillos que ha sobrevivido al paso del tiempo. Bajo él y su entorno, existen restos de asentamientos antiguos desde la Edad del Bronce hasta la Época Romana.","Abierto solo en fin de semana (sábado y domingo) y festivos (lunes festivos incluidos)  Del 1 de abril al 14 de junio de 10 a 21 horas. Del 15 de junio al 15 de septiembre de 10 a 20 horas. Del 16 al 30 de septiembre de 10 a 21 horas. De octubre a marzo de 10 a 18 horas.  Cerrado: 1 y 6 de enero, 1 de mayo, 24, 25 y 31 de diciembre.",Zona wifi.,Metro: Alameda de Osuna y El Capricho (línea 5).,Accesibilidad   Rampas de acceso (las rampas de acceso en estos momentos están inhabilitadas) Aseos adaptados para personas con movilidad reducida. Información en Braille para personas con discapacidad visual.,"1,6",http://www.madrid.es/sites/v/index.jsp?vgnextchannel=bfa48ab43d6bb410VgnVCM100000171f5a0aRCRD&vgnextoid=fe43c4be8e688210VgnVCM1000000b205a0aRCRD,antonio-sancha,CALLE,V,1.0,,,,,MADRID,MADRID,28042,1,alameda-de-osuna,https://wikidata.org/entity/Q760737,21,barajas,https://wikidata.org/entity/Q807230,449698,4478802,4496984478802,40.45836,-3.5932760000000004,913 667 415,913667415,,0,castilloalameda@madrid.es,/contenido/entidadesYorganismos/MonumentosEdificiosArtisticos
2064,cason-del-buen-retiro,https://wikidata.org/entity/Q3321174,"El Centro de Estudios del Prado está ubicado en el Casón del Buen Retiro, que aloja además la Biblioteca, el Archivo, el Centro de Documentación y los Departamentos de Conservación del Museo Nacional del Prado.",,,"Metro: Estación del Arte (línea 1), Banco de España (línea 2).  Bus: 19.  Cercanías Renfe: Atocha (líneas C1, C2, C3, C4, C4a, C4b, C5, C7 y C10).  Bicimad: Estación 65 (calle Antonio Maura, 15).  Parking: Montalbán (49), C/ Montalbán (entre C/ Alfonso XI y Paseo del Prado).","Descripción monumental  El Casón o Salón de Baile es el único volumen que permanece del antiguo Palacio del buen Retiro, ejecutado en 1637 con un proyecto de Alonso Carbonel. Aún se conserva la bóveda de cañon con lunetas, pintada al fresco por Lucas Jordán en 1692 con la Alegoría del Toisón de Oro. Su fachada principal, a poniente, arrasada la primitiva en 1886 por un ciclón, es de Velázquez Bosco. La última rehabilitación ha sido realizada por Jaime Torruell.",1,http://www.madrid.es/sites/v/index.jsp?vgnextchannel=bfa48ab43d6bb410VgnVCM100000171f5a0aRCRD&vgnextoid=f0443d0b5e71c010VgnVCM1000000b205a0aRCRD,alfonso-xii,CALLE,V,28.0,,,,,MADRID,MADRID,28014,5,jeronimos,https://wikidata.org/entity/Q10306766,3,retiro,https://wikidata.org/entity/Q2002296,441525,4474078,4415254474078,40.41527,-3.689222,913 302 821,913302821,,0,centro.estudios@museodelprado.es,/contenido/entidadesYorganismos/MonumentosEdificiosArtisticos
2069,museo-de-artes-y-tradiciones-populares,https://wikidata.org/entity/Q52247359,,"Lunes a viernes de 10 a 20 horas. Sábados de 10 a 14 horas. Cerrado domingos, festivos y mes de agosto, 24 y 31 diciembre.",Las visitas individuales (grupos inferiores a 7 personas) no necesitan reserva previa. Reservas (Grupos de 8 a 20 personas máximo).,"Metro: La Latina (línea 5)  Bus: 002, 17, 18, 23, 35, 60.  Bicimad: Estaciones 39 (plaza de la Cebada, 16), 45 (glorieta de la Puerta de Toledo, 1), 44 (calle Mesón de Paredes, 35).",,3,http://www.madrid.es/sites/v/index.jsp?vgnextchannel=bfa48ab43d6bb410VgnVCM100000171f5a0aRCRD&vgnextoid=5c39ef4d7f71c010VgnVCM1000000b205a0aRCRD,carlos-arniches,CALLE,V,3.0,,,,,MADRID,MADRID,28005,2,embajadores,https://wikidata.org/entity/Q2449844,1,centro,https://wikidata.org/entity/Q1763376,439899,4473375,4398994473375,40.40882,-3.708324,914 976 500,914976500,,0,museoatp@uam.es / lacorrala@uam.es,/contenido/entidadesYorganismos/Museos
6469186,royal-chapel-of-st-anthony-of-la-florida,https://wikidata.org/entity/Q3109752,"Ermita dedicada a San Antonio de Padua y pequeño museo. Las pinturas murales que la decoran son de Francisco de Goya. Alberga los restos mortales del artista desde 1919. Para preservar sus pinturas, en 1929 se trasladó el culto a una ermita gemela construida a su lado, dejando el edificio original como museo.","General   De martes a domingos de 9:30 a 20 horas.   Verano (del 15 de junio al 15 de septiembre)   De martes a domingo de 9:30 a 19 horas.   Cerrado:  lunes (incluidos festivos), 1 y 6 de enero, 1 de mayo, 24, 25 y 31 de diciembre.  Último pase de visita: 20 minutos antes del cierre (el desalojo de las salas comenzará 10 minutos antes) Este horario y la apertura de salas pueden sufrir modificaciones.","Tienda, en la que se pueden adquirir las guías y publicaciones sobre la ermita editadas por el Museo y otros organismos públicos, así como catálogos y publicaciones de instituciones culturales del Ayuntamiento de Madrid.","Metro: Príncipe Pío (líneas 5, 10 y ramal Ópera - Príncipe Pío)  Bus: 41, 46 y 75 (Intercambiador Príncipe Pío)  Renfe: Príncipe Pío  BICIMAD: Estación 161 (Paseo de la Florida 8)",,"2,6",http://www.madrid.es/sites/v/index.jsp?vgnextchannel=bfa48ab43d6bb410VgnVCM100000171f5a0aRCRD&vgnextoid=75950204770e7310VgnVCM2000000c205a0aRCRD,san-antonio-de-la-florida,GLORIETA,V,5.0,,,,,MADRID,MADRID,28008,1,casa-de-campo,https://wikidata.org/entity/Q16302441,9,moncloa-aravaca,https://wikidata.org/entity/Q2017682,438439,4475212,4384394475212,40.42525,-3.7257249999999997,915 420 722 o 683 429 760,915420722,683429760.0,0,sanantonio@madrid.es,/contenido/entidadesYorganismos/MonumentosEdificiosArtisticos
58353,fundacion-telefonica,https://wikidata.org/entity/Q91769127,,"Martes, miércoles, jueves y viernes de 11 a 20 horas. Sábados, domingo y festivos, de 11 a 21 horas. Cerrado al público todos los lunes y los días 25 de diciembre y 1 y 6 de enero.",,"Metro: Gran Vía (líneas 1 y 5).  Bus: 001, 002, 1, 2, 3, 46, 74, 146.  Bicimad: Estaciones 211 (calle Desengaño, 1), 210 (calle Tres Cruces, 7), 18 (plaza de Pedro Zerolo, 1).      Aparcamientos: Barco 1 (88), Calle Barco; Pedro Zerolo (71), plaza Pedro Zerolo sin número; plaza del Carmen (8).",,1,http://www.madrid.es/sites/v/index.jsp?vgnextchannel=bfa48ab43d6bb410VgnVCM100000171f5a0aRCRD&vgnextoid=87748ed67151c010VgnVCM2000000c205a0aRCRD,fuencarral,CALLE,V,3.0,,,,,MADRID,MADRID,28004,5,universidad,https://wikidata.org/entity/Q10387767,1,centro,https://wikidata.org/entity/Q1763376,440480,4474658,4404804474658,40.42042,-3.701594,914 984 273 (información general) / 659 158 011 (visitas guiadas y talleres educativos),914984273,659158011.0,0,espacio@fundaciontelefonica.com,/contenido/entidadesYorganismos/Museos
12324237,beti-jai-fronton,https://wikidata.org/entity/Q8962895,"Beti Jai es el último de los frontones monumentales de Madrid. Construido en 1894, en pleno auge del juego de pelota vasca, este proyecto del arquitecto Joaquín Rucoba combina diferentes lenguajes arquitectónicos (neoclásico, neomudéjar, etc) que a su vez conviven con elementos característicos de la arquitectura del hierro, vinculada a la Revolución Industrial.",,,"Bus: 7  Metro: Rubén Darío (línea 5) / Alonso Martínez (líneas 4, 5 y 10)",,1,http://www.madrid.es/sites/v/index.jsp?vgnextchannel=bfa48ab43d6bb410VgnVCM100000171f5a0aRCRD&vgnextoid=f4e1273c8ff5e810VgnVCM1000001d4a900aRCRD,marques-del-riscal,CALLE,V,7.0,,,,,MADRID,MADRID,28010,4,almagro,https://wikidata.org/entity/Q10954432,7,chamberi,https://wikidata.org/entity/Q1763370,441375,4475788,4413754475788,40.43066,-3.6911569999999996,,0,,0,,/contenido/entidadesYorganismos/Museos
12329440,royal-collections-gallery,https://wikidata.org/entity/Q6033986,"La Galería de las Colecciones Reales te invita a un viaje extraordinario: un recorrido por la culturaen un edificio excepcional. Descubrirás una selección de 100 piezas de las Colecciones Reales, entre las más de 650 que se exponen en La Galería: pinturas, esculturas, armaduras, tapices, artes decorativas o carrozas firmadas por maestros de la talla de El Greco, Caravaggio, Velázquez, Tiepolo o Goya. Esta Galería es, además, una ventana abierta hacia todos los Reales Sitios y Reales Patronatos que gestionamos en Patrimonio Nacional (El Escorial, Aranjuez, La Granja, Yuste, Descalzas Reales&amp;hellip;), así como hacia las labores de investigación, conservación, documentación y difusión que realizamos. El recorrido descendente a través de amplias rampas cuenta con diversos audiovisuales, que ayudan contextualizar las colecciones que se van a visitar.","Lunes a sábado, de 10 a 20 horas. Domingos, de 10 a 19 horas.  Para cierres durante el año o motivados por la celebración de actos oficiales o festividad en el municipio consultar la  web.",Hay audioguías interactivas disponibles in situ.,"Metro: Ópera (líneas 2, 5 y Ramal Ópera Norte)  Bus: 3, 25, 39, 148, 46, 62, 75, 138  Cercanías: Príncipe Pío",,"1,4,6",http://www.madrid.es/sites/v/index.jsp?vgnextchannel=bfa48ab43d6bb410VgnVCM100000171f5a0aRCRD&vgnextoid=a46206f392a7e810VgnVCM2000001f4a900aRCRD,bailen,CALLE,V,0.0,,,,,MADRID,MADRID,28013,1,palacio,https://wikidata.org/entity/Q2136510,1,centro,https://wikidata.org/entity/Q1763376,439542,4474839,4395424474839,40.42199,-3.712673,91 840 38 83,918403883,,0,info@patrimonionacional.es,/contenido/entidadesYorganismos/MonumentosEdificiosArtisticos
103331,la-casa-encendida,https://wikidata.org/entity/Q5962732,"Edificio de carácter monumental. De estilo neomudéjar, fue diseñado por el arquitecto Fernando Arbós e inaugurado en el año 1913. Cuenta con más de 6000 metros cuadrados de instalaciones divididas en 4 plantas y una azotea. Centro social y cultural.",De martes a sábado: de 10.00 a 21.00 horas. Domingos: de 10.00 a 16.00 horas.,"Biblioteca, mediateca, hemeroteca, espacio para el voluntariado Cafetería Terraza &amp;ndash; café bar Visitas guiadas","Metro: Embajadores (línea 3)  Bus: 27, 34, 36, 41, 60, 78, 119, 148, C03, C1, C2, M1  Cercanías Renfe: Embajadores (línea C5)",,"1,4,6",http://www.madrid.es/sites/v/index.jsp?vgnextchannel=bfa48ab43d6bb410VgnVCM100000171f5a0aRCRD&vgnextoid=c27f8899fc81c010VgnVCM1000000b205a0aRCRD,valencia,RONDA,V,2.0,,,,,MADRID,MADRID,28012,2,embajadores,https://wikidata.org/entity/Q2449844,1,centro,https://wikidata.org/entity/Q1763376,440622,4473051,4406224473051,40.40596,-3.6997720000000003,915 062 180,915062180,,0,,/contenido/entidadesYorganismos/MonumentosEdificiosArtisticos
5873478,museo-abc,https://wikidata.org/entity/Q21564330,"Centro de arte, dibujo e ilustración.","Horario sala de exposiciones:  Martes a sábado, de 11 a 14 y de 16 a 20:30 horas. Lunes y domingo, cerrado.",,"Metro: San Bernardo (líneas 2, 4), Noviciado (línea 2), Ventura Rodríguez (línea 3), Plaza de España (líneas 3, 10)  Bus: M2, C1, C3, 1, 2, 3, 21, 44, 133, 147, 001, 002   Bicimad: Estación 13 (calle Conde Duque 22)",Visitas guiadas para grupos: gratuitas. Reserva de día y hora en info_museo@abc.es. Grupos máximo 20 personas.,1,http://www.madrid.es/sites/v/index.jsp?vgnextchannel=bfa48ab43d6bb410VgnVCM100000171f5a0aRCRD&vgnextoid=f0103fee6537c210VgnVCM1000000b205a0aRCRD,amaniel,CALLE,V,29.0,,,,,MADRID,MADRID,28015,5,universidad,https://wikidata.org/entity/Q10387767,1,centro,https://wikidata.org/entity/Q1763376,439813,4475439,4398134475439,40.42741,-3.709538,917 588 379,917588379,,0,info_museo@abc.es,/contenido/entidadesYorganismos/Museos
2067,museo-africano-misioneros-combonianos,,,"Visitas:   Individuales: domingos, visita guiada a las 11:30 horas. (No es necesario cita previa).  Grupos: de lunes a viernes de 9:30 a 13:00 horas. Es necesario cita previa, en el teléfono 91 415 24 12 o desde nuestro formulario de contacto. Las visitas al Museo Africano son siempre guiadas y gratuitas*. *Para niñas y niños de educación infantil (3, 4 y 5 años), el Museo ofrece &amp;laquo;Cuentacuentos&amp;raquo;, actividad para la que se solicita una aportación de 1?&amp;euro; por alumno.",,"Bus: 11, 70, 114, 122, 115, 201.  Metro: Arturo Soria (L4)",,3,http://www.madrid.es/sites/v/index.jsp?vgnextchannel=bfa48ab43d6bb410VgnVCM100000171f5a0aRCRD&vgnextoid=6ab8ef4d7f71c010VgnVCM1000000b205a0aRCRD,arturo-soria,CALLE,V,101.0,,,,,MADRID,MADRID,28043,6,san-juan-bautista,https://wikidata.org/entity/Q165609,15,ciudad-lineal,https://wikidata.org/entity/Q1763694,444755,4477849,4447554477849,40.44946,-3.651489,914 152 412,914152412,,0,,/contenido/entidadesYorganismos/Museos
2050,national-archaeological-museum,https://wikidata.org/entity/Q637170,"Fundado en 1867, el MAN se inauguró en 1895 en su actual sede, el Palacio de Biblioteca y Museos, edificio proyectado por Francisco Jareño y terminado por Antonio Ruiz de Salces.","De martes a sábado de 9:30 a 20:00 horas. Domingos y festivos de 9:30 a 15:00 horas.   Cerrado:   Todos los lunes del año. 1 y 6 de enero, 1 de mayo y 24, 25 y 31 de diciembre.",El Museo ofrece a los visitantes las siguientes facilidades para hacer la visita:   Punto de información  Punto de encuentro  Guardarropa y Consigna  Cambiadores de bebé  Sala de lactancia  Sillas de bebé  Fuente de agua  Tablillas para escribir  Guía multimedia  Información,"Metro: Serrano (línea 4), Retiro (línea 2)  Bus: 1, 9, 19, 51, 74  Cercanías Renfe: Recoletos (líneas C1, C2, C7, C8 y C10)  Bicimad: Estaciones 95 (calle Claudio Coello 109), 107 (calle Serrano, 8). Carril bici en la calle Serrano.   Aparcamiento:  Plaza de Colón. Jardines del Descubrimiento. Plazas reservadas para personas con discapacidad. Serranopark &amp;ndash; Aparcamiento 3, en la calle Jorge Juan y la Plaza del a Independencia. 24 Plazas reservadas para personas con discapacidad","El Museo hace de la accesibilidad universal uno de sus objetivos prioritarios y, para lograrlo, pone a disposición de las personas con discapacidad intelectual, problemas auditivos, visuales y motores, planos y folletos accesibles, espacios y servicios adaptados, ayudas específicas y recursos táctiles.  Visitas guiadas para público con discapacidad visual. Planos y folletos accesibles para personas con discapacidad intelectual. Espacios interiores sin barreras arquitectónicas. Aseos adaptados a sillas de ruedas. Sillas de ruedas disponibles en el Guardarropa. Bucles magnéticos. Planos táctiles de la exposición permanente. Estaciones táctiles. Guías multimedia. Vehículos eléctricos.   Amplíe información.","1,6",http://www.madrid.es/sites/v/index.jsp?vgnextchannel=bfa48ab43d6bb410VgnVCM100000171f5a0aRCRD&vgnextoid=8fd8ef4d7f71c010VgnVCM1000000b205a0aRCRD,serrano,CALLE,V,13.0,,,,,MADRID,MADRID,28001,1,recoletos,https://wikidata.org/entity/Q3814551,4,salamanca,https://wikidata.org/entity/Q1773521,441601,4474966,4416014474966,40.42327,-3.6884120000000005,915 777 912,915777912,,0,,/contenido/entidadesYorganismos/Museos
2072,museo-casa-de-la-moneda,https://wikidata.org/entity/Q39072661,,"De martes a viernes ininterrumpidamente de 10 a 20 horas. Sábados, domingos y festivos de 10 a 14 horas. Cerrado los lunes (incluidos festivos), y los días 1 y 6 de enero; 24, 25 y 31 de diciembre.",,"Metro: O&amp;acute;Donnell (línea 6), Goya (líneas 2 y 4).  Bus: 143, 156, 2, 30, 56, 71, C2  Bicimad: Estación 101 (calle Jorge Juan, 131).",,"1,4",http://www.madrid.es/sites/v/index.jsp?vgnextchannel=bfa48ab43d6bb410VgnVCM100000171f5a0aRCRD&vgnextoid=12f8ef4d7f71c010VgnVCM1000000b205a0aRCRD,doctor-esquerdo,CALLE,V,36.0,,,,,MADRID,MADRID,28028,2,goya,https://wikidata.org/entity/Q3814578,4,salamanca,https://wikidata.org/entity/Q1773521,443235,4474878,4432354474878,40.4226,-3.669139,915 666 544,915666544,,915666809,museocasadelamoneda@fnmt.es,/contenido/entidadesYorganismos/Museos
4112,cerralbo-museum,https://wikidata.org/entity/Q976019,"Este Palacio, construido entre 1883 y 1893, fue concebido como vivienda y como museo para sede de las obras de arte reunidas por los Marqueses de Cerralbo y sus hijos, los Marqueses de Villa Huerta, durante los numerosos viajes que realizaron por España y Europa. Contiene una Biblioteca con un fondo de unos 24.000 títulos, de los cuales cerca de 9.000 pertenecen al fondo antiguo, que adquirió don Enrique de Aguilera y Gamboa, XVII marqués de Cerralbo, a lo largo de su vida. Biblioteca visitable y consulta de acceso restringido.","De martes a sábado de 9:30 a 15 horas. Jueves, apertura extraordinaria por la tarde, de 17 a 20 horas, excepto festivos. Entrada gratuita. Domingos y festivos de 10 a 15 horas. Domingos, entrada gratuita para todo el público. Cerrado: todos los lunes, 1 y 6 de enero, 1 de mayo, 24, 25 y 31 de diciembre.   Último acceso al museo: de martes a domingo (festivos incluidos): a las 14 horas y los jueves por la tarde a las 19 horas.",,"Metro: Ventura Rodríguez (línea 3); Plaza de España (líneas 3, 10), Noviciado (línea 2) y Príncipe Pío (líneas 6 y 10);   Bus: 3, 25, 39, 44, 46, 62, 74, 75, 133, 147, 148, C1, C2. Líneas 1, 2, 3 (vuelta)  Cercanías Renfe: Príncipe Pío (líneas C1, C7 y C10)  Bicimad: Estación 14 (calle Ventura Rodríguez, 2), 115 (Paseo de Pintor Rosales en la esquina Marqués de Cerralbo) y 116A (Plaza de España,16).",,"2,6",http://www.madrid.es/sites/v/index.jsp?vgnextchannel=bfa48ab43d6bb410VgnVCM100000171f5a0aRCRD&vgnextoid=a4efb0c40971c010VgnVCM1000000b205a0aRCRD,ventura-rodriguez,CALLE,V,17.0,,,,,MADRID,MADRID,28008,2,arguelles,https://wikidata.org/entity/Q64874,9,moncloa-aravaca,https://wikidata.org/entity/Q2017682,439380,4475039,4393804475039,40.42377,-3.7145989999999998,915 473 646 / 915 473 647,915473646,915473647.0,915591171,museo.cerralbo@cultura.gob.es,/contenido/entidadesYorganismos/BibliotecasPatrimoniales
10091450,empresa-municipal-de-transportes-de-madrid-museum,https://wikidata.org/entity/Q117459440,"El Museo de la EMT se ha convertido en realidad tras una década de duro trabajo de recuperación, restauración y reparación del patrimonio histórico de la Empresa Municipal de Transportes de Madrid, especialmente, material móvil, mobiliario, piezas mecánicas, maquinaria y otros elementos inherentes a la actividad de la EMT en sus 70 años de historia.  Página web:  https://museo.emtmadrid.es/","Visitas (con cita previa)  Apertura estacional durante seis meses al año: todos los sábados de abril, mayo, junio, julio, septiembre y octubre), a las 10, a las 11:30 y a las 13 horas. Por ser un centro de trabajo únicamente pueden realizarse de forma organizada, previamente concertadas y limitadas a un máximo de 40 personas por turno. Duración: 60 minutos aproximadamente. Compra de entradas y reserva de horarios a través de la web: https://entradasmuseo.emtmadrid.es/?lang=es-ES.","Si tiene una discapacidad física o sensorial, contacta con el Museo antes de reservar la visita y le informarán de la accesibilidad a la instalación.","Metro: Begoña (línea 10). Bus: 66, 173, 174, 176, 191, 193, 194, 195, 196, 197, 712, 713, 714, 716, L171.",,0,http://www.madrid.es/sites/v/index.jsp?vgnextchannel=bfa48ab43d6bb410VgnVCM100000171f5a0aRCRD&vgnextoid=d56ad05b2a255510VgnVCM2000001f4a900aRCRD,mauricio-legendre,CALLE,V,40.0,,,,,MADRID,MADRID,28046,6,castilla,https://wikidata.org/entity/Q3813735,5,chamartin,https://wikidata.org/entity/Q1766348,442096,4481278,4420964481278,40.48017,-3.683159,914 068 810,914068810,,0,,/contenido/entidadesYorganismos/AyuntamientoMadrid/OrganismosEmpresasMunicipales
10237457,museo-felix-canada,,"Una selección de más de quinientas obras de arte de entre las cerca de mil de la donación original, constituyen la Colección Permanente que se puede visitar en las salas del Museo Félix Cañada de la Fundación Gómez Pardo, adscrita a la Escuela Técnica Superior de Ingenieros de Minas y Energía de la Universidad Politécnica de Madrid. Donada por el ingeniero de minas Doctor Félix Cañada Guerrero a la Fundación Gómez Pardo, reúne una amplia representación de trabajos de destacados artistas, pintores, escultores, ilustradores, grabadores, orfebres, ceramistas, etc. abarcando diferentes periodos desde el siglo XI hasta nuestros días.","Visitas: lunes, miércoles y viernes, de 10 a 13 horas. .",,"Metro: Rios Rosas (línea 1).  Bus: 45, 12, 149, 3, 37, L1 y L7  Bicimad: Estación 130 (calle Santa Engracia, 127).",Solo visitas guiadas para grupos entre 10 y 30 personas (sin guía propio),3,http://www.madrid.es/sites/v/index.jsp?vgnextchannel=bfa48ab43d6bb410VgnVCM100000171f5a0aRCRD&vgnextoid=cb22820a52799510VgnVCM1000001d4a900aRCRD,alenza,CALLE,V,1.0,,,,,MADRID,MADRID,28003,5,rios-rosas,https://wikidata.org/entity/Q10366270,7,chamberi,https://wikidata.org/entity/Q1763370,440568,4477117,4405684477117,40.44258,-3.7007959999999995,914 417 921,914417921,,914729529,museo@fgomezpardo.es,/contenido/entidadesYorganismos/Museos
2074,museo-geominero,https://wikidata.org/entity/Q13532751,"Los objetivos del Museo Geominero son conservar, investigar y difundir la riqueza y diversidad del patrimonio geológico, paleontológico y mineralógico a través de las importantes colecciones de minerales, rocas y fósiles procedentes de todas las regiones españolas y de antiguos territorios coloniales, así como de yacimientos significados del registro mundial.","De lunes a domingo y festivos de 9 a 14 horas. Cerrado los días 1 y 6 de enero y 24, 25 y 31 de diciembre.",,"Metro: Ríos Rosas (línea 1), Alonso Cano (línea 7), Cuatro Caminos (líneas 1, 2 y 6).  Bus: 45, 12, 149, 3, 37, 5.  Bicimad: Estación 130 (calle Santa Engracia, 127).",,3,http://www.madrid.es/sites/v/index.jsp?vgnextchannel=bfa48ab43d6bb410VgnVCM100000171f5a0aRCRD&vgnextoid=ff0bef4d7f71c010VgnVCM1000000b205a0aRCRD,rios-rosas,CALLE,V,23.0,,,,,MADRID,MADRID,28003,5,rios-rosas,https://wikidata.org/entity/Q10366270,7,chamberi,https://wikidata.org/entity/Q1763370,440663,4477057,4406634477057,40.44204,-3.69967,913 495 759,913495759,,0,m.geominero@igme.es,/contenido/entidadesYorganismos/Museos
2075,museo-historico-minero-don-felipe-de-borbon-y-grecia,https://wikidata.org/entity/Q53997723,Ubicado en la Escuela Técnica Superior de Ingenieros de Minas de Madrid,De Lunes a Viernes de 9:30 a 18:00 horas Primeros domingos de mes de 10 a 14 horas.,,"Metro: Ríos Rosas (línea 1)  Bus: 3, 12, 37, 45, 149  Bicimad: Estación 130 (calle Santa Engracia, 127)",,3,http://www.madrid.es/sites/v/index.jsp?vgnextchannel=bfa48ab43d6bb410VgnVCM100000171f5a0aRCRD&vgnextoid=822bef4d7f71c010VgnVCM1000000b205a0aRCRD,rios-rosas,CALLE,V,21.0,,,,,MADRID,MADRID,28003,5,rios-rosas,https://wikidata.org/entity/Q10366270,7,chamberi,https://wikidata.org/entity/Q1763370,440603,4477062,4406034477062,40.44209,-3.700373,910 676 304,910676304,,0,actividades.minasyenergia@upm.es,/contenido/entidadesYorganismos/Museos
18176,museo-ico,https://wikidata.org/entity/Q60829823,,"De martes a sábados: de 11 a 20 horas.   Domingos y festivos: de 10 a 14 horas.    Cerrado: Todos los lunes del año.  Horarios especiales: 24 y 31 de diciembre de 10 a 14 horas. 1 de enero, 1 de mayo y 25 de diciembre cerrado.",,"Metro: Sevilla (línea 2)  Bus: 5, 15, 20, 51, 53, 150, 46, 002, M3, M1  Bicimad: estación 28 (calle Alcalá, 27)  Aparcamiento: Cortes (46), Plaza de las Cortes / Hub de Movilidad Canalejas 360 (1239), Calle de Alcalá, 17 / Sevilla (41), calle Sevilla y calle Alcalá",,3,http://www.madrid.es/sites/v/index.jsp?vgnextchannel=bfa48ab43d6bb410VgnVCM100000171f5a0aRCRD&vgnextoid=2886444a2951c010VgnVCM2000000c205a0aRCRD,zorrilla,CALLE,V,3.0,,,,,MADRID,MADRID,28014,3,cortes,https://wikidata.org/entity/Q2535637,1,centro,https://wikidata.org/entity/Q1763376,440806,4474249,4408064474249,40.41676,-3.697722,914 201 242,914201242,,0,museoico@ico.es,/contenido/entidadesYorganismos/Museos
6019032,museo-los-canos-del-peral-estacion-de-metro-opera,,"A diez metros bajo la plaza de Isabel II, la estación de Metro Ópera (L2, L5 y Ramal Norte) alberga la recreación museística de la histórica fuente de los Caños del Peral. La visita nos permite conocer la fuente que recogía el agua de manantial junto al arroyo del Arenal durante la segunda mitad del sigloXVI, y que tenía en origen 34 metros de longitud; la galería de abastecimiento en bóveda de cañón y la alcantarilla de la zona; y el acueducto que, salvando al barranco del arroyo del Arenal, surtió de agua al Palacio Real desde el siglo XVII hasta prácticamente el siglo XX.  Más información.",Previa reserva en la página museosmetromadrid.es.  Viernes: de 16 a 20 horas. Sábados: de 10 a 14 horas y de 16 a 20 horas. Domingos: de 10 a 14 horas.,,"Metro: Ópera (líneas 2, 5 y Ramal).   Bicimad: Estación 24 (calle Carlos III, 1).    Aparcamiento: Descalzas (20), plaza de las Descalzas y plaza San Martín.",,1,http://www.madrid.es/sites/v/index.jsp?vgnextchannel=bfa48ab43d6bb410VgnVCM100000171f5a0aRCRD&vgnextoid=435950262d50f210VgnVCM2000000c205a0aRCRD,isabel-ii,PLAZA,V,1.0,,,,,MADRID,MADRID,28013,1,palacio,https://wikidata.org/entity/Q2136510,1,centro,https://wikidata.org/entity/Q1763376,439834,4474367,4398344474367,40.41776,-3.709188,644 169 531,644169531,,0,info@museosmetromadrid.es,/contenido/entidadesYorganismos/Museos
2053,lazaro-galdiano-museum,https://wikidata.org/entity/Q386570,"Cuenta con la  Biblioteca de la   Fundación Lázaro Galdiano, fundada en 1948, cuando se creó esta institución con el legado procedente de José Lázaro. Tiene cerca de 2.900 ejemplares de fondo antiguo (siglos XVI al XVIII), incluyendo 56 incunables y 877 manuscritos. Biblioteca visitable y consulta de acceso restringido.","Martes a domingo, de 9:30 a 15 horas. Lunes cerrado y los días y los días 6 de enero; 28 y 29 de marzo; 1, 2 y 15 de mayo; 25 de julio; 15 de agosto; 24, 25 y 31 de diciembre de 2024.",,"Metro: Gregorio Marañón (líneas 7 y 10), Ruben Darío (línea 5), Nuñez de Balboa (líneas 5 y 9)  Bus: 16, 19, 51, 9, 12, 61  Bicimad: Estaciones 140 (calle Velázquez, 130), 141 (paseo de la Castellana, 43)  Aparcamiento: Serrano I (62) calle Serrano entre Hermanos Becquer y Marqués de Villamejor",,1,http://www.madrid.es/sites/v/index.jsp?vgnextchannel=bfa48ab43d6bb410VgnVCM100000171f5a0aRCRD&vgnextoid=7d1aef4d7f71c010VgnVCM1000000b205a0aRCRD,serrano,CALLE,V,122.0,,,,,MADRID,MADRID,28006,6,castellana,https://wikidata.org/entity/Q4781,4,salamanca,https://wikidata.org/entity/Q1773521,441802,4476460,4418024476460,40.43675,-3.686182,,0,,0,info@museolazarogaldiano.es,/contenido/entidadesYorganismos/MonumentosEdificiosArtisticos
5349304,museo-nacional-centro-de-arte-reina-sofia,https://wikidata.org/entity/Q460889,"Edificio Sabatini: calle Santa Isabel 52.  Edificio Nouvel (ampliación): ronda de Atocha, esquina a plaza del Emperador Carlos V.  Espacios en el parque del Retiro: Palacio de Velázquez y Palacio de Cristal.","Lunes y de miércoles a sábado, de 10 a 21 horas. Martes cerrado (incluso festivos). Domingos de 10 a 14:30 horas. Días de cierre 1 y 6 de enero, 1 de mayo, 15 de mayo, 9 de noviembre, 24, 25 y 31 de diciembre.",,"Metro: Estación del Arte (línea 1).  Bus: 27, 34, C03, C1, 26, 32, 6, 59, 85, E1, C2, 119, 36, 41, 001, 10, 14, 37, 45.  Cercanías Renfe: Atocha (líneas C1, C2, C3, C4, C4a, C4b, C5, C7, C8, C10).  Bicimad: Estación 50 (calle Santa Isabel, 57), 51 (Ronda de Atocha, 2).  Aparcamiento: Sánchez Bustillo (37), calle Sánchez Bustillo.",,1,http://www.madrid.es/sites/v/index.jsp?vgnextchannel=bfa48ab43d6bb410VgnVCM100000171f5a0aRCRD&vgnextoid=69d8275bad5a1210VgnVCM2000000c205a0aRCRD,santa-isabel,CALLE,V,52.0,,,,,MADRID,MADRID,28012,2,embajadores,https://wikidata.org/entity/Q2449844,1,centro,https://wikidata.org/entity/Q1763376,441118,4473345,4411184473345,40.40864,-3.69395,917 741 000,917741000,,0,info@museoreinasofia.es,/contenido/entidadesYorganismos/Museos
2099,thyssen-bornemisza-museum,https://wikidata.org/entity/Q176251,"El palacio donde se ubica la colección fue el antiguo palacio del duque de Villahermosa. Edificación neoclásica. Posteriormente se adapta como entidad bancaria perdiento sus espacios interiores. Más tarde, pasó a formar parte de los edificios del Museo del Prado. Desde principios de los 90 alberga la Colección Thyssen. El museo ofrece un recorrido por la historia de la pintura europea desde sus inicios en el siglo XIII, hasta finales del siglo XX.","Colecciones permanentes:  lunes de 12 a 16 horas (acceso gratuito gracias al patrocinio de MasterCard). Martes a domingo de 10 a 19 horas.   Exposiciones temporales: consultar horario específico en la web del museo.  Avisos y horarios especiales: los días 1 de enero, 1 de mayo y 25 de diciembre el Museo permanecerá cerrado. El 24 y el 31 de diciembre el horario de apertura del Museo será de 10 a 15 horas.  El desalojo de las salas tendrá lugar 5 minutos antes del cierre.",,"Metro: Banco de España (línea 2).  Bus: 001, 10, 14, 27, 34, 37, 45, C03.   Bicimad:   Estación 29 (calle Marqués de Cubas, 25).   Aparcamiento: Cortes (46), Plaza de las Cortes.",Arquitecto: Antonio López Aguado (1805 - 1806).  Adecuación: Rafael Moneo (1989 - 1992).  Ampliación: BOPBAA (1999 - 2004).,1,http://www.madrid.es/sites/v/index.jsp?vgnextchannel=bfa48ab43d6bb410VgnVCM100000171f5a0aRCRD&vgnextoid=0b8079262ef5d010VgnVCM1000000b205a0aRCRD,prado,PASEO,V,8.0,,,,,MADRID,MADRID,28014,3,cortes,https://wikidata.org/entity/Q2535637,1,centro,https://wikidata.org/entity/Q1763376,441058,4474164,4410584474164,40.41601,-3.694738,917 911 370,917911370,,0,cavthyssen@museothyssen.org,/contenido/entidadesYorganismos/MonumentosEdificiosArtisticos
2057,museo-nacional-de-antropologia,https://wikidata.org/entity/Q2917041,"El Museo está instalado en el edificio de estilo clasicista construido por el Marqués de Cubas en 1875 por encargo del Doctor González Velasco, fundador de la institución.","De martes a sábado de 9:30 a 20 horas. Domingos: de 10 a 15 horas. Cerrado todos los lunes del año y los días 1 y 6 de enero, 1 de mayo, 24, 25 y 31 de diciembre y un festivo local. La taquilla se cerrará 15 minutos antes del cierre.",,"Metro: Estación del Arte (línea 1).  Bus: 19, C1, 10, 14, 26, 32, 102, 37, 001, C2, 59, SE760, 203, 85, 141, 54, 57.  Cercanías Renfe: Atocha (líneas C1, C2, C3, C4, C4a, C4b, C5, C7, C8, C10 y Regional)  Bicimad: Estaciones 80 a y b (paseo Infanta Isabel, 3), 69 (avenida de Alfonso XII, 54).",,"1,6",http://www.madrid.es/sites/v/index.jsp?vgnextchannel=bfa48ab43d6bb410VgnVCM100000171f5a0aRCRD&vgnextoid=456079262ef5d010VgnVCM1000000b205a0aRCRD,alfonso-xii,CALLE,V,68.0,,,,,MADRID,MADRID,28014,5,jeronimos,https://wikidata.org/entity/Q10306766,3,retiro,https://wikidata.org/entity/Q2002296,441550,4473258,4415504473258,40.40789,-3.688857,915 306 418 / 915 395 995,915306418,915395995.0,914677098,antropologico@cultura.gob.es,/contenido/entidadesYorganismos/Museos
2055,museo-nacional-de-artes-decorativas,https://wikidata.org/entity/Q5361303,"Inaugurado en 1912, su sede es un típico palacete madrileño del último tercio del siglo XIX. El museo posee muebles, cerámicas, vidrios, joyas, tejidos, arte oriental, y hasta 30 000 objetos distintos que a lo largo de la historia han servido para embellecer las casas, palacios y los monumentos de distintas culturas. El museo posee muestras como el Jarrón de Sevres regalo de Napoleón III, la Cocina Valenciana del siglo XVIII compuesta por más de 1500 azulejos de Manises, la Mesa de plata del siglo XVI o la colección de alfombras españolas de los siglos XV al XVII.","Martes a sábados de 9:30 a 15 horas. Domingo y festivos: de 10 a 15 horas. Jueves tarde de 17 a 20 horas (excepto julio y agosto).  Cerrado:  todos los lunes, 1 y 6 de enero, 1 y 15 de mayo, 9 de noviembre, 24, 25 y 31 de diciembre.    La venta de entradas finalizará 30 minutos antes del cierre.",,"Metro: Banco de España (Línea 2)  Bus: 19, E1, 203, 14, 27, 37, 45, C03, 1, 146, 15, 2, 20, 51, 52, 74, 9, 10, 34, 001, 53  Bicimad: Estación 86 (Plaza Cibeles)  Aparcamiento: Montalbán (49), calle Montalbán (entre calle Alfonso XI y paseo Prado)","El Museo dispone de una rampa de acceso al edificio en la calle Montalbán. Para su uso, es necesario avisar con antelación al personal del Museo.El acceso a las diferentes plantas, puede realizarse mediante ascensor. Debido a las dimensiones del mismo, es necesario emplear en él las sillas de ruedas que el Museo pone a su disposición, previa solicitud.","2,6",http://www.madrid.es/sites/v/index.jsp?vgnextchannel=bfa48ab43d6bb410VgnVCM100000171f5a0aRCRD&vgnextoid=287079262ef5d010VgnVCM1000000b205a0aRCRD,montalban,CALLE,V,12.0,,,,,MADRID,MADRID,28014,5,jeronimos,https://wikidata.org/entity/Q10306766,3,retiro,https://wikidata.org/entity/Q2002296,441483,4474369,4414834474369,40.41789,-3.6897539999999998,915 326 499 / 915 326 845,915326499,915326845.0,915232086,mnad@cultura.gob.es,/contenido/entidadesYorganismos/MonumentosEdificiosArtisticos
2056,national-museum-of-natural-history,https://wikidata.org/entity/Q1966699,,"De martes a viernes de 10 a 17 horas. Sábados, domingos y festivos de 10 a 20 horas. Durante el mes de agosto (de martes a domingo) el museo abrirá de 10 a 15 horas. Cerrado los lunes (excepto los festivos). Cerrado el 1 y 6 de enero, el 1 de mayo y el 25 de diciembre. Los días 24 y 31 de diciembre el museo permanecerá abierto de 10 a 15 horas.",,"Metro: Gregorio Marañón (líneas 7, 10)  Bus: 12, 45, 14, 147, 150, 27, 40, 7  Bicimad: Estación 139 (Calle José Gutiérrez Abascal, 2)",,"1,6",http://www.madrid.es/sites/v/index.jsp?vgnextchannel=bfa48ab43d6bb410VgnVCM100000171f5a0aRCRD&vgnextoid=8edbef4d7f71c010VgnVCM1000000b205a0aRCRD,jose-gutierrez-abascal,CALLE,V,2.0,,,,,MADRID,MADRID,28006,1,el-viso,https://wikidata.org/entity/Q4778,5,chamartin,https://wikidata.org/entity/Q1766348,441463,4476870,4414634476870,40.44042,-3.690212,,0,,0,,/contenido/entidadesYorganismos/MonumentosEdificiosArtisticos
2076,naval-museum-of-madrid,https://wikidata.org/entity/Q1815235,,"De martes a domingo de 10:00 a 19:00 horas. Durante el mes de agosto, horario reducido de 10:00 a 15:00 horas. Cerrado todos los lunes y los días 1 y 6 de enero, 1 de mayo y 24, 25 y 31 de diciembre. El desalojo del museo se hará 15 minutos antes del cierre.",,"Metro: Banco de España (línea 2).  Cercanías Renfe: Recoletos (líneas C-1, C-2, C-7, C-8 y C-10).  Bus: Plaza de Cibeles | Líneas 1, 2, 5, 9, 10, 14, 15, 20, 27, 34, 37, 45, 51, 52, 53, 74, 146, 150 y 203.  Bicimad: Estación 86 (plaza de Cibeles). Aparca-bicis público en calle Montalbán.    Aparcamiento: en calle Montalbán, plaza del Rey y plaza de las Cortes.",Para reservas de grupos e información al visitante:  Teléfono: 915 238 516. De lunes a viernes de 9:00 a 14:00 horas. Correo electrónico: reservas_museonaval@fn.mde.es   Para consultas de investigadores:  Correo electrónico: investigacion_museonavalmadrid@mde.es   Para cualquier otra consulta relativa al Museo Naval:  Correo electrónico: museonavalmadrid@fn.mde.es,1,http://www.madrid.es/sites/v/index.jsp?vgnextchannel=bfa48ab43d6bb410VgnVCM100000171f5a0aRCRD&vgnextoid=a30cef4d7f71c010VgnVCM1000000b205a0aRCRD,prado,PASEO,V,3.0,,,,,MADRID,MADRID,28014,5,jeronimos,https://wikidata.org/entity/Q10306766,3,retiro,https://wikidata.org/entity/Q2002296,441232,4474362,4412324474362,40.41781,-3.692709,915 238 516,915238516,,0,museonavalmadrid@fn.mde.es,/contenido/entidadesYorganismos/Museos
2085,postal-and-telegraph-museum,https://wikidata.org/entity/Q64071045,"El  Museo Postal y Telegráfico ofrece al visitante un recorrido temático y cronológico a través  de la historia de las comunicaciones, desde la más tradicional, la carta, hasta las comunicaciones por satélite. En este museo se conservan y exhiben los fondos postales y de telecomunicación desde los primeros hitos conocidos hasta nuestros días.",Consultar,Bus: 161,,,1,http://www.madrid.es/sites/v/index.jsp?vgnextchannel=bfa48ab43d6bb410VgnVCM100000171f5a0aRCRD&vgnextoid=c82cef4d7f71c010VgnVCM1000000b205a0aRCRD,tapia-de-casariego,CALLE,V,6.0,,,,,MADRID,MADRID,28023,5,valdemarin,https://wikidata.org/entity/Q10388725,9,moncloa-aravaca,https://wikidata.org/entity/Q2017682,434801,4479956,4348014479956,40.46772,-3.7690759999999996,917 401 440 / 917 400 668,917401440,917400668.0,0,info@museopostalytelegrafico.com,/contenido/entidadesYorganismos/Museos
4997114,sorolla-museum,https://wikidata.org/entity/Q1592523,,"De martes a sábado: de 9:30 a 20 horas. Domingos y festivos: de 10 a 15 horas. Cerrado: todos los lunes del año, 1 y 6 de enero, 1 de mayo, 9 noviembre, 24, 25 y 31 de diciembre.",,"Metro: Rubén Darío (línea 5), Gregorio Marañón (líneas 7 y 10), Iglesia (línea 1).  Bus: 5, 7, 16, 40, 61, 147.  Bicimad: Estaciones 125 (calle Fernández de la Hoz, 29) / 141 (paseo de la Castellana, 43).",,2,http://www.madrid.es/sites/v/index.jsp?vgnextchannel=bfa48ab43d6bb410VgnVCM100000171f5a0aRCRD&vgnextoid=6dd05e93aad9c110VgnVCM1000000b205a0aRCRD,general-martinez-campos,PASEO,V,37.0,,,,,MADRID,MADRID,28010,4,almagro,https://wikidata.org/entity/Q10954432,7,chamberi,https://wikidata.org/entity/Q1763370,441259,4476298,4412594476298,40.43525,-3.69257,913 101 584,913101584,,0,museo.sorolla@cultura.gob.es,/contenido/entidadesYorganismos/Museos
2077,museo-taurino-de-madrid,https://wikidata.org/entity/Q27500479,,"Todos los días del año de 10 a 19 horas, excepto el 25 de diciembre y el 1 de enero. Los días que se celebren festejos de cualquier tipo en el recinto, las visitas terminarán 2 horas antes del comienzo del espectáculo.??   Visitas en grupo: solicitar cita previa en el correo electrónico museotaurinolasventas@madrid.org",,"Metro: Ventas (líneas 2 y 5).  Bus: 106, 110, 146, 21, 12, 38, 53.  Bicimad: Estaciones 187 (calle Alejandro González, 1) y 193 (avenida de los Toreros, 49).",,3,http://www.madrid.es/sites/v/index.jsp?vgnextchannel=bfa48ab43d6bb410VgnVCM100000171f5a0aRCRD&vgnextoid=958cef4d7f71c010VgnVCM1000000b205a0aRCRD,alcala,CALLE,V,237.0,,,,,MADRID,MADRID,28028,4,la-guindalera,https://wikidata.org/entity/Q3814559,4,salamanca,https://wikidata.org/entity/Q1773521,443775,4475871,4437754475871,40.43158,-3.662863,912 761 287,912761287,,0,museotaurinolasventas@madrid.org,/contenido/entidadesYorganismos/Museos
2101,typhlological-museum,https://wikidata.org/entity/Q109568487,Edificio con una superficie de 1.500 m2 dividido en tres zonas con maquetas de monumentos nacionales e internacionales realizadas por invidentes e instrumentos utilizados por los invidentes desde hace 200 años. Es un espacio concebido para que sus visitantes puedan ver y tocar las piezas expuestas.,"Martes a viernes: de 10 a 15 h y de 16 a 19 h. Sábados: de 10 a 14 h. Lunes, domingos y festivos: cerrado.   Consultar cierres especiales en https://museo.once.es/",,"Metro: Estrecho (línea 1)  Bus: 3, 43, 124, 124, 126, 128",,"1,5",http://www.madrid.es/sites/v/index.jsp?vgnextchannel=bfa48ab43d6bb410VgnVCM100000171f5a0aRCRD&vgnextoid=baacef4d7f71c010VgnVCM1000000b205a0aRCRD,la-coruampntildea,CALLE,V,18.0,,,,,MADRID,MADRID,28020,2,cuatro-caminos,https://wikidata.org/entity/Q5824684,6,tetuan,https://wikidata.org/entity/Q1773540,440632,4478523,4406324478523,40.45525,-3.7001690000000003,915 894 219,915894219,,0,museo@once.es,/contenido/entidadesYorganismos/Museos
2068,museo-de-aeronautica-y-astronautica,https://wikidata.org/entity/Q11057120,"El museo tiene por finalidad la adquisición, conservación y exposición de los bienes que constituyen el Patrimonio Histórico de la Aeronáutica Española. Dispone de una exposición exterior y siete hangares que albergan aeronaves, uniformes, condecoraciones, motores, maquetas y otros fondos relacionados con la aviación. Terminada la Guerra Civil y una vez creado el Ejército del Aire, se concibe la idea de crear un museo que reflejara la evolución e historia de nuestra aeronáutica. Desde 1975 el Museo está en Cuatro Vientos y se han sucedido varias ampliaciones que le convierten en un referente europeo de la aeronáutica.","De martes a domingo de 10 a 14 horas. Cerrado: 1 y 6 de enero, jueves y viernes Santos, 10 de diciembre (patrona de la aviación), 24, 25 y 31 de diciembre y días establecidos en el calendario anual.","Aparcamiento: gratuito, de 10 a 14 horas. Cafetería: de 10 a 13:30 horas. Punto de venta: de 10 a 13:30 horas.  Visitas guiadas para grupos: de martes a domingo de 10 a 14 horas. Previa petición de autorización por carta o correo electrónico ( museodelaire@ea.mde.es  ). Se recomienda anticipar las peticiones por teléfono de lunes a viernes.","Bus: 511, 512, 513, 514, 516, 518, 521, 522, 523, 528 y 539.  Metro: cuatro vientos (L 10)  Renfe: cuatro vientos (C 5)",,3,http://www.madrid.es/sites/v/index.jsp?vgnextchannel=bfa48ab43d6bb410VgnVCM100000171f5a0aRCRD&vgnextoid=90aaef4d7f71c010VgnVCM1000000b205a0aRCRD,a-5,AUTOVIA,T,10.7,,,,"Km. 10,5",MADRID,MADRID,28024,6,cuatro-vientos,https://wikidata.org/entity/Q5191881,10,latina,https://wikidata.org/entity/Q794954,432238,4469498,4322384469498,40.37362,-3.80843,915 091 690,915091690,,0,museodelaire@ea.mde.es,/contenido/entidadesYorganismos/Museos
2091,museum-of-the-americas,https://wikidata.org/entity/Q2568412,,"De martes a sábado, de 9:30 a 15 horas. Jueves, apertura continuada de 9:30 a 19 horas. Domingos y festivos de 10 a 15 horas.   Cerrado todos los lunes del año, 1 de enero, 1 de mayo, 24, 25 y 31 de diciembre, 6 de enero y un festivo local.",,"Metro: Moncloa (líneas 3 y 6), Islas Filipinas (línea 7).  Autobús: 1, 62, 44, 82, 132, 138.  Bicimad: Estaciones, 110 (paseo de Moret, 2); 244 (calle Isaac Peral, 42); 128 (calle Cea Bermúdez, 59).",,"1,6",http://www.madrid.es/sites/v/index.jsp?vgnextchannel=bfa48ab43d6bb410VgnVCM100000171f5a0aRCRD&vgnextoid=c929ef4d7f71c010VgnVCM1000000b205a0aRCRD,reyes-catolicos,AVENIDA,V,6.0,,,,,MADRID,MADRID,28040,3,ciudad-universitaria,https://wikidata.org/entity/Q3319235,9,moncloa-aravaca,https://wikidata.org/entity/Q2017682,438777,4476615,4387774476615,40.43793,-3.7218539999999996,915 492 641 / 915 439 437,915492641,915439437.0,0,museo.america@cultura.gob.es,/contenido/entidadesYorganismos/Museos
83922,museo-de-arte-contemporaneo,https://wikidata.org/entity/Q6940528,"Al igual que otros museos de arte contemporáneo, nacionales o extranjeros, se ha utilizado un edificio histórico para albergar las colecciones: el Cuartel del Conde Duque. El Museo de Arte Contemporáneo recupera para los madrileños el despacho del escritor vanguardista Ramón Gómez de la Serna, como parte de su colección permanente.","De martes a viernes: de 10 a 14 horas y de 15 a 21 horas. Sábados: de 10 a 14 horas y de 17:30 a 21 horas. Domingos y festivos: de 10:30 a 14:30 horas.  Horario de verano: del 15 de junio al 15 de septiembre, ambos inclusive.  De martes a viernes: de 10 a 14 horas y de 15 a 20 horas. Sábados: de 10 a 14 horas y de 17:30 a 20 horas. Domingos y festivos: de 10:30 a 13:30 horas.  Cerrado: todos lunes y los días 1 y 6 de enero, 1 de mayo y 24, 25 y 31 de diciembre. Las salas se desalojan 15 minutos antes del cierre.",Zona wifi.,"Metro: Ventura Rodríguez, Plaza de España, San Bernardo, Noviciado.",,"1,6",http://www.madrid.es/sites/v/index.jsp?vgnextchannel=bfa48ab43d6bb410VgnVCM100000171f5a0aRCRD&vgnextoid=84a55c2cdc41c010VgnVCM2000000c205a0aRCRD,conde-duque,CALLE,V,9.0,,,,,MADRID,MADRID,28015,5,universidad,https://wikidata.org/entity/Q10387767,1,centro,https://wikidata.org/entity/Q1763376,439723,4475438,4397234475438,40.42739,-3.710589,Teléfono de sala: 914 801 766,914801766,,0,mmacmdifusion@madrid.es,/contenido/entidadesYorganismos/Museos
2092,museo-de-astronomia-y-geodesia,,"El museo de Astronomía y Geodesia de la Universidad Complutense de Madrid agrupa una importante colección de instrumentos de Astronomía, Geodesia y Topografía, reunidos con el afán didáctico de dar a conocer la evolución de los métodos utilizados en estas disciplinas durante los últimos 150 años.",Visita con cita previa.,,"Metro: Ciudad Universitaria (línea 6).  Bus: 132, F, 82, G, U.  Bicimad: Estación 260 (calle José Antonio Novais, frente al número 12).",,3,http://www.madrid.es/sites/v/index.jsp?vgnextchannel=bfa48ab43d6bb410VgnVCM100000171f5a0aRCRD&vgnextoid=ee49ef4d7f71c010VgnVCM1000000b205a0aRCRD,ciencias,PLAZA,V,3.0,,,,,MADRID,MADRID,28040,3,ciudad-universitaria,https://wikidata.org/entity/Q3319235,9,moncloa-aravaca,https://wikidata.org/entity/Q2017682,438442,4477897,4384424477897,40.44945,-3.725938,91 394 4588,913944588,,0,fuensant@ucm.es,/contenido/entidadesYorganismos/Museos
5727435,museo-de-bomberos-de-madrid,https://wikidata.org/entity/Q113329713,,"Lunes, miércoles, jueves y viernes: 12:00 horas (martes y fin de semana, cerrado)","El acceso se realizará mediante RESERVA en el que aparecerán las sesiones y plazas disponibles.    Unicamente se permiten las visitas guiadas    El personal del museo mostrará al visitante la exposición permanente, que cuenta con una interesante colección de vehículos y otros materiales que han formado parte de la Historia del Cuerpo de Bomberos de Madrid.      Actividades del Grupo Pedagógico con visitas de colegios    Se realizan visitas guiadas a colegios, demostraciones prácticas?y charlas de prevención    Sala polivalente     Puede ser utilizada para la organización de charlas, encuentros y otras actividades culturales.",Metro: L1- Buenos Aires  Bus: 141 y 143,,1,http://www.madrid.es/sites/v/index.jsp?vgnextchannel=bfa48ab43d6bb410VgnVCM100000171f5a0aRCRD&vgnextoid=9f0966a8bba49210VgnVCM2000000c205a0aRCRD,boada,CALLE,V,4.0,,,,,MADRID,MADRID,28038,6,numancia,https://wikidata.org/entity/Q10338144,13,puente-de-vallecas,https://wikidata.org/entity/Q2003054,444504,4471753,4445044471753,40.39453,-3.653931,Actualmente no disponible.,0,,0,museobomberosmadrid@madrid.es,/contenido/entidadesYorganismos/Museos
2090,calcografia-nacional,https://wikidata.org/entity/Q111818807,"La institución posee la más importante colección de láminas de grabado calcográfico de España. El número de matrices metálicas supera las ocho mil obras, abarcando un amplio periodo cronológico, desde el siglo XVI al XXI.",Consultar en la web.,,"Metro: Sol (líneas 1, 2, 3), Sevilla (línea 2), Gran Vía (líneas 1 y 5).  Bus: 002, 52, 46, 51, 150, 5, 15, 20., M3  Cercanías Renfe: Sol (líneas C3, C4 y Regional).  Bicimad: Estaciones 1a y 1b (Puerta del Sol, 1) y 28 (calle Alcalá, 27).  Aparcamiento: Sevilla (41) y  calle Alcalá.(17).",,3,http://www.madrid.es/sites/v/index.jsp?vgnextchannel=bfa48ab43d6bb410VgnVCM100000171f5a0aRCRD&vgnextoid=7169ef4d7f71c010VgnVCM1000000b205a0aRCRD,alcala,CALLE,V,13.0,,,,,MADRID,MADRID,28014,6,sol,https://wikidata.org/entity/Q2465181,1,centro,https://wikidata.org/entity/Q1763376,440558,4474350,4405584474350,40.41765,-3.7006500000000004,915 240 864,915240864,,0,,/contenido/entidadesYorganismos/Museos
2084,wax-museum-of-madrid,https://wikidata.org/entity/Q15121263,,"Lunes a domingo, de 11 a 19 horas.",,"Metro: Colón (línea 4)  Bus: 14, 150, 27, 45, 5, 53, 21, 37, C03  Cercanías Renfe: Recoletos (líneas C1, C2, C7, C10)  Bicimad: Estación 10 (Calle Marqués de la Ensenada, 16) / estación 94 (Paseo de Recoletos, 20)  Aparcamiento: Colón (2), Plaza de Colón",,2,http://www.madrid.es/sites/v/index.jsp?vgnextchannel=bfa48ab43d6bb410VgnVCM100000171f5a0aRCRD&vgnextoid=9689ef4d7f71c010VgnVCM1000000b205a0aRCRD,recoletos,PASEO,V,41.0,,,,,MADRID,MADRID,28004,4,justicia,https://wikidata.org/entity/Q1992319,1,centro,https://wikidata.org/entity/Q1763376,441350,4475102,4413504475102,40.42448,-3.69138,913 199 330,913199330,,0,info@museoceramadrid.com,/contenido/entidadesYorganismos/Museos
2071,museo-de-escultura-al-aire-libre-de-la-castellana,https://wikidata.org/entity/Q2283575,"El Museo de Escultura al Aire Libre de La Castellana, está situado bajo el paso elevado que une las calles de Juan Bravo y Eduardo Dato, contiene una excelente colección de escultura abstracta española.",Entrada libre. Espacio urbano abierto Abierto 24 horas al día los 365 días del año.,,"Transporte público más próximo   Metro: Rubén Darío (línea 5)  Bus: 5, 14, 27, 45, 150  BICIMAD: Estación 142 (Paseo de la Castellana n&amp;ordm;42)",,1,http://www.madrid.es/sites/v/index.jsp?vgnextchannel=bfa48ab43d6bb410VgnVCM100000171f5a0aRCRD&vgnextoid=eca9ef4d7f71c010VgnVCM1000000b205a0aRCRD,castellana,PASEO,V,40.0,,,,,MADRID,MADRID,28046,6,castellana,https://wikidata.org/entity/Q4781,4,salamanca,https://wikidata.org/entity/Q1773521,441678,4476070,4416784476070,40.43321,-3.687612,915 885 921,915885921,,0,mmacmdifusion@madrid.es,/contenido/entidadesYorganismos/MonumentosEdificiosArtisticos
2054,museo-de-historia-de-madrid,https://wikidata.org/entity/Q876383,Fue creado como museo municipal en 1929 y rebautizado como Museo de Historia de Madrid en 2007. En el año 2014 se hace una profunda remodelación y reabre sus puertas con un montaje moderno y una puesta al día de sus colecciones.,"De martes a domingos de 10 a 20 horas.  Verano (Del 15 de junio al 15 de septiembre): de martes a domingos de 10 a 19 horas.  Cerrado: lunes y los días 1 y 6 de enero, 1 de mayo,  24, 25 y 31 de diciembre.   El desalojo de las salas se hará diez minutos antes del cierre.",Biblioteca de investigación Servicio de documentación Guardarropa Zona wifi  Tienda del museo. Contacto: tienda.museohistoria@palaciosymuseos.com Las reservas se realizarán a través de esta  plataforma,"Metro: Tribunal, Bilbao y Alonso Martínez.  Aparcamiento público: Barceló.",Accesibilidad física:   Rampa de acceso a la entrada. Ascensores. Aseos adaptados. Silla de ruedas.   Accesibilidad cognitiva:    Guía visual Museo de Historia de Madrid   Guía en lenguaje claro Museo de Historia de Madrid,"1,6",http://www.madrid.es/sites/v/index.jsp?vgnextchannel=bfa48ab43d6bb410VgnVCM100000171f5a0aRCRD&vgnextoid=8f3079262ef5d010VgnVCM1000000b205a0aRCRD,fuencarral,CALLE,V,78.0,,,,,MADRID,MADRID,28004,4,justicia,https://wikidata.org/entity/Q1992319,1,centro,https://wikidata.org/entity/Q1763376,440550,4475251,4405504475251,40.42577,-3.700845,917 011 863,917011863,,0,smuseosm@madrid.es,/contenido/entidadesYorganismos/MonumentosEdificiosArtisticos
4545827,museo-de-historia-de-la-comunidad-judia-de-madrid,,,,Visitas: info@cjmadrid.org,"Metro: Iglesia (línea 1)  Bus: 16, 61, 3, 37, 149, 5  Bicimad: Estación 246 (calle Santa Engracia, 87)",,1,http://www.madrid.es/sites/v/index.jsp?vgnextchannel=bfa48ab43d6bb410VgnVCM100000171f5a0aRCRD&vgnextoid=8f2a4a659ee71110VgnVCM1000000b205a0aRCRD,balmes,CALLE,V,3.0,,,,,MADRID,MADRID,28010,3,trafalgar,https://wikidata.org/entity/Q10384027,7,chamberi,https://wikidata.org/entity/Q1763370,440627,4476323,4406274476323,40.43543,-3.70002,915 913 131,915913131,,0,info@cjmadrid.org,/contenido/entidadesYorganismos/Museos
2095,museo-geominero,https://wikidata.org/entity/Q13532751,,"Lunes a viernes, de 10:30 a 14:30 horas (concertar previamente).",,"Cercanías Renfe: Cantoblanco (líneas C4, C4a y Cb).",,1,http://www.madrid.es/sites/v/index.jsp?vgnextchannel=bfa48ab43d6bb410VgnVCM100000171f5a0aRCRD&vgnextoid=255aef4d7f71c010VgnVCM1000000b205a0aRCRD,francisco-tomas-y-valiente,CALLE,V,7.0,,,,,MADRID,MADRID,28049,8,el-goloso,https://wikidata.org/entity/Q10271137,8,fuencarral-el-pardo,https://wikidata.org/entity/Q656196,441133,4488524,4411334488524,40.54537,-3.695183,914 974 819 / 914 972 564 / 914 974 800,914974819,914972564.0,914974900,museo.mineralogia@uam.es,/contenido/entidadesYorganismos/Museos
2112,museo-de-san-isidro,https://wikidata.org/entity/Q5556798,"Este espacio museográfico propone un viaje por la historia de la ciudad de Madrid desde la Prehistoria hasta el establecimiento de la Corte, a través de distintas salas como la de San Isidro, el Patio renacentista, el Jardín arqueobotánico o el Almacén visitable.","De martes a domingo y festivos de 10 a 20 horas.  Último pase de visita 15 minutos antes del cierre.    Verano, del 15 de junio al 15 de septiembre: de martes a domingo de 10 a 19 horas.  Cerrado todos los lunes, el 1 y 6 de enero, el 1 de mayo y los días 24, 25 y 31 de diciembre.","Sala de investigadores Biblioteca especializada en arqueología e historia madrileña Archivo documental Almacén visitable con más de 600 piezas arqueológicas (por cuestiones técnicas el almacén visitable puede estar cerrado durante su visita, en tal caso pregunte en el mostrador de entrada para que le faciliten el acceso) Jardín arqueobotánico, con información documentada sobre las especies de la ciudad (en estos momentos se encuentra cerrado por obras de rehabilitación) Investigadores: los fondos del Museo están a disposición de la comunidad científica y los investigadores podrán acceder tramitando su correspondiente solicitud Visitas guiadas por voluntarios culturales de CEATE Talleres didácticos para grupos escolares Zona wifi","Metro:  La Latina (línea 5) , Tirso de Molina (línea 1)",,"2,6",http://www.madrid.es/sites/v/index.jsp?vgnextchannel=bfa48ab43d6bb410VgnVCM100000171f5a0aRCRD&vgnextoid=7b7aef4d7f71c010VgnVCM1000000b205a0aRCRD,san-andres,PLAZA,V,2.0,,,,,MADRID,MADRID,28005,1,palacio,https://wikidata.org/entity/Q2136510,1,centro,https://wikidata.org/entity/Q1763376,439691,4473738,4396914473738,40.41207,-3.710816,913 667 415,913667415,,0,museosanisidro@madrid.es,/contenido/entidadesYorganismos/Museos
85301,museo-de-sanidad-e-higiene-publica,,"El Museo de Sanidad e Higiene Pública se comenzó a desarrollar en el año 1995 y es un centro único en su especialidad en España. Está ubicado en el Pabellón 14 del campus de Chamartín en el Instituto de Salud Carlos III, que albergaba los laboratorios del Hospital Nacional de Enfermedades Infecciosas, conocido como Hospital del Rey. El objetivo es gestionar para su difusión y conservación las colecciones de objetos, libros y documentos que reflejan los aspectos más significativos de la historia y evolución de la salud pública en nuestro país. De ese modo se busca la promoción de la investigación en este campo facilitando a los investigadores, profesores y técnicos que lo necesiten, apoyo técnico especializado.","Visitas guiadas de grupo con cita previa: de lunes a viernes laborables, a las 10 horas. Consultar horarios.",Solicitud de cita previa enviando formulario a museodesanidad@isciii.es.,"Metro: Chamartín (líneas 1, 10).  Bus: 124, 134, 135, 67, 147.  Cercanías Renfe: Chamartín (líneas C1, C2, C3, C3a, C4, C4a, C4b, C7, C8 y C10).",,3,http://www.madrid.es/sites/v/index.jsp?vgnextchannel=bfa48ab43d6bb410VgnVCM100000171f5a0aRCRD&vgnextoid=3e755c2cdc41c010VgnVCM2000000c205a0aRCRD,monforte-de-lemos,AVENIDA,V,5.0,,,,,MADRID,MADRID,28029,5,la-paz,https://wikidata.org/entity/Q5869740,8,fuencarral-el-pardo,https://wikidata.org/entity/Q656196,441508,4480761,4415084480761,40.47547,-3.690041,918 222 414,918222414,,0,museodesanidad@isciii.es,/contenido/entidadesYorganismos/Museos
4566286,museo-de-la-catedral-de-la-almudena,https://wikidata.org/entity/Q107611898,,"De lunes a sábado de 10 a 14:30 horas.   Cerrado los domingos, fiestas de precepto y días de actos de culto especiales en la Catedral. Consultar  Agenda .",,"Metro: Ópera (Líneas 2, 5 y Ramal Ópera Príncipe Pío).  Bus: 148, 3.  Bicimad: Estaciones 36 (plaza Ramales), 166 (calle Segovia, 26).","Para solicitar reserva de visita guiada, escriba a reservasmuseo@catedraldelaalmudena.es.",1,http://www.madrid.es/sites/v/index.jsp?vgnextchannel=bfa48ab43d6bb410VgnVCM100000171f5a0aRCRD&vgnextoid=82cb8d0e78d22110VgnVCM1000000b205a0aRCRD,bailen,CALLE,V,10.0,,,,,MADRID,MADRID,28013,1,palacio,https://wikidata.org/entity/Q2136510,1,centro,https://wikidata.org/entity/Q1763376,439452,4474125,4394524474125,40.41554,-3.713667,915 592 874,915592874,,0,reservasmuseo@catedraldelaalmudena.es,/contenido/entidadesYorganismos/Museos
2073,museo-de-la-farmacia-hispana,https://wikidata.org/entity/Q105942790,,"El Museo de la Farmacia Hispana solo puede visitarse realizando una reserva con antelación.La visita es gratuita, guiada y tiene una duración aproximada de 1 hora y media. Se realizan durante el curso lectivo, de lunes a viernes y en horario de mañana.  Este año vamos a empezar con las visitas guiadas en horario de tarde. Serán los martes y miércoles lectivos de octubre a mayo. La visita completa empezará a las 16:00 y durará 1 hora y media. Habrá también opción de visita abreviada de 17:00 a 18:00.   Las visitas de tarde podrán reservarse solo con un mes de antelación.",,"Metro: Ciudad Universitaria (línea 6).  Bus: 132, 82, G, U, I  Bicimad: Estaciones 258 ( Ciudad universitaria, 1)",,2,http://www.madrid.es/sites/v/index.jsp?vgnextchannel=bfa48ab43d6bb410VgnVCM100000171f5a0aRCRD&vgnextoid=58f9ef4d7f71c010VgnVCM1000000b205a0aRCRD,ramon-y-cajal,PLAZA,V,0.0,,,,,MADRID,MADRID,28040,3,ciudad-universitaria,https://wikidata.org/entity/Q3319235,9,moncloa-aravaca,https://wikidata.org/entity/Q2017682,438415,4477348,4384154477348,40.44451,-3.7262009999999997,913 941 797,913941797,,0,museofar@ucm.es,/contenido/entidadesYorganismos/Museos
2107,museo-de-la-guardia-civil,https://wikidata.org/entity/Q110560070,"El Museo de la Guardia Civil está encuadrado en el Servicio de Estudios Históricos de la Sede Central de la Guardia Civil. La dirección del museo la ejerce un Coronel de la Guardia Civil, auxiliado por un Oficial como Jefe del Negociado, un Suboficial como encargado y varios Guardias Civiles en activo, con las funciones de mantenimiento y vigilancia.  En los aspectos técnicos será auxiliado por un Oficial Facultativo, con el cometido de Conservador en base a su formación específica. Los primeros indicios y escritos en los que se refleja la inquietud de recopilar objetos de marcado carácter histórico relacionados con las actividades de la Guardia Civil datan del año 1914 (desaparecerá en 1936 con motivo de la Guerra Civil), si bien sería a principios de 1982, cuando por iniciativa del entonces Director General, Excmo. Señor Teniente General, D José Luis Aramburu Topete, se inician las labores para la creación del actual Museo de la Guardia Civil. El museo se crea por Orden General del Cuerpo, núm. 15, de 23 de junio de 1982 y es inaugurado el día 12 de octubre de 1982, por Su Majestad el Rey de España, D. Juan Carlos I de Borbón. Los fondos que forman el museo han sido aportados o depositados bien por entidades públicas o privadas y por las distintas Unidades del Cuerpo, todos los cuales están vinculados de alguna manera a las vicisitudes e historia de la Guardia Civil desde su creación hasta nuestros días. Todo ello ocupa una superficie total de 350 metros cuadrados, distribuidos en cuatro salas principales denominadas:  Banderas Sala de armas Sala de uniformes y maniquies Sala de objetos variados y dioramas.  También puedes visitar nuestro  'museo virtual' aquí .","Horario de visitas  Lunes a viernes de 09:00 a 13:30 horas.  Petición de visitas   No guiadas: Individuales y grupos reducidos (10 personas o menos). Con cita previa. El aforo máximo en las instalaciones será de 20 personas. Guiadas: No se realizarán. Todas las visitas quedarán condicionadas a la existencia de visitas institucionales, las cuales tendrán caracter preferente.",,"Metro: Guzmán el Bueno (líneas 6 y 7).  Bus: 2, 45, 44.  Bicimad: Estaciones 256 (calle Beatriz de Bobadilla, 2) y 203 (calle General Ampudia, 2).","Para contactar con el museo puede hacerlo de las siguientes maneras:    Correo ordinario   Dirección General de la  Guardia Civil.Calle Guzmán El Bueno, número 110. C.P. 28003 &amp;ndash; Madrid   Correo electrónico    dg-estuhistoricos-registro@guardiacivil.org    Teléfono   91 514 60 00, extensiones 48495 (Oficina Museo), 48477 (Salas Museo).",3,http://www.madrid.es/sites/v/index.jsp?vgnextchannel=bfa48ab43d6bb410VgnVCM100000171f5a0aRCRD&vgnextoid=003aef4d7f71c010VgnVCM1000000b205a0aRCRD,guzman-el-bueno,CALLE,V,110.0,,,,,MADRID,MADRID,28003,6,vallehermoso,https://wikidata.org/entity/Q6122685,7,chamberi,https://wikidata.org/entity/Q1763370,439594,4477325,4395944477325,40.44438,-3.7123,"915 146 000, extensiones 48495 (Oficina Museo), 48477 (Salas Museo)",915146000,484954847.0,0,dg-estuhistoricos-registro@guardiacivil.org,/contenido/entidadesYorganismos/Museos
2114,royal-academy-of-fine-arts-of-san-fernando,https://wikidata.org/entity/Q1322403,"Construido inicialmente para palacio de Don Juan de Goyeneche, el edificio fue adquirido por la Academia de Bellas Artes en 1773 y reformado bajo la dirección de Fernando Chueca Goitia en 1973 y la fachada por Diego de Villanueva en 1774.","Colección permanente: De martes a domingos, de 10 a 15 horas. Exposiciones temporales: consultar el apartado específico de la exposición temporal. Días cerrados: 1 y 6 de enero; 1 y 30 de mayo; 9 de noviembre; 24, 25 y 31 de diciembre. Las oficinas de la Real Academia de Bellas Artes abren de lunes a viernes, de 08.30 a 17.00 horas. Cerrada fines de semana y días festivos.",,"Metro: Sol (líneas 1, 2, 3), Sevilla (línea 2), Gran Vía (líneas 1 y 5).  Bus:  002, 46, 51, 150, 5, 15, 20, M3.  Cercanías Renfe: Sol (líneas C3, C4 y Regional).  Bicimad: Estaciones 1a y 1b (Puerta del Sol, 1) y 28 (calle Alcalá, 27).  Aparcamiento: Sevilla (41), calle Sevilla y calle Alcalá.",,1,http://www.madrid.es/sites/v/index.jsp?vgnextchannel=bfa48ab43d6bb410VgnVCM100000171f5a0aRCRD&vgnextoid=924aef4d7f71c010VgnVCM1000000b205a0aRCRD,alcala,CALLE,V,13.0,,,,,MADRID,MADRID,28014,6,sol,https://wikidata.org/entity/Q2465181,1,centro,https://wikidata.org/entity/Q1763376,440558,4474350,4405584474350,40.41765,-3.7006500000000004,915 240 864,915240864,,915241034,registro.museo@rabasf.com,/contenido/entidadesYorganismos/MonumentosEdificiosArtisticos
2066,railway-museum-of-madrid,https://wikidata.org/entity/Q6034436,"Edificio de carácter monumental. Proyectada por el ingeniero francés Émile Cacheliévre e inaugurada el 30 de marzo de 1880, la estación de Delicias fue la primera gran estación con carácter definitivo de Madrid.","De octubre a mayo:   Lunes a viernes, de 9:30 a 15 horas. Sábados y festivos, de 10 a 19 horas. Domingo, de 10 a 15 horas.   De junio a septiembre:   Lunes a domingo, de 10 a 15 horas.   Cerrado: 25 de diciembre, 1 y 6 de enero.","Mercado de Motores : segundo fin de semana del mes (excepto julio y agosto), de 11 a 21 horas. El Museo cierra en su actividad ordinaria y el acceso es gratuito (www.mercadodemotores.es).","Metro: Delicias (línea 3)  Bus: 19, 247, 45, 47, 59, 85, 86, 8, 55, 6  Cercanías Renfe: Delicias (líneas C1, C7, C10 y Regional)  Bicimad: Estación 172 (Bustamante, 1)",,1,http://www.madrid.es/sites/v/index.jsp?vgnextchannel=bfa48ab43d6bb410VgnVCM100000171f5a0aRCRD&vgnextoid=091c4291ae91f010VgnVCM2000000c205a0aRCRD,delicias,PASEO,V,61.0,,,,,MADRID,MADRID,28045,5,las-delicias,https://wikidata.org/entity/Q3773736,2,arganzuela,https://wikidata.org/entity/Q2000929,441124,4472418,4411244472418,40.40029,-3.693805,915 390 085,915390085,,0,taquillamuseo@ffe.es,/contenido/entidadesYorganismos/MonumentosEdificiosArtisticos
2058,museo-del-prado,https://wikidata.org/entity/Q160112,"La Biblioteca del Museo Nacional del Prado se encuentra situada en el Casón del Buen Retiro, actual sede del Centro de Estudios del Museo del Prado. Está especializada en artes plásticas europeas entre la Edad Media y el siglo XIX. Conserva un destacado patrimonio bibliográfico, de impresos y manuscritos anteriores a 1910, de notable importancia por su cantidad (unos 7.000 volúmenes), por su carácter especializado (tratados de pintura y arquitectura, libros de fiestas, cartillas de dibujo y libros de iconografía, emblemas, anatomía y fisiognomía) y por la rareza de algunos de sus ejemplares.","De lunes a sábado, de 10 a 20 horas. Domingos y festivos, de 10 a 19 horas. Cerrado los días 1 de enero, 1 de mayo y 25 de diciembre. Horario reducido, de 10 a 14 horas (6 de enero y 24 y 31 de diciembre).  Horario de gratuidad:  De lunes a sábado, de 18 a 20 horas. Domingos y festivos, de 17 a 19 horas.  Acceso al Museo hasta 30 minutos antes del cierre.",,"Metro: Estación del Arte (línea 1), Banco de España (línea 2).  Bus: E1,  203, 14,  27, 37, 45, C03, 1, 146, 15, 2, 20, 51, 52, 74, 9, 10, 34, 001, 53, 150, 5  Cercanías Renfe: Atocha (líneas C1, C2, C3, C4, C5, C7 y C10).  Aparcamiento: Plaza de Santa Ana (Plaza de Santa Ana, 328)",,"1,4,6",http://www.madrid.es/sites/v/index.jsp?vgnextchannel=bfa48ab43d6bb410VgnVCM100000171f5a0aRCRD&vgnextoid=060079262ef5d010VgnVCM1000000b205a0aRCRD,prado,PASEO,V,0.0,,,,,MADRID,MADRID,28014,5,jeronimos,https://wikidata.org/entity/Q10306766,3,retiro,https://wikidata.org/entity/Q2002296,441243,4474443,4412434474443,40.41854,-3.692583,910 683 001,910683001,,0,cav@museodelprado.es,/contenido/entidadesYorganismos/BibliotecasPatrimoniales
2086,museo-del-reloj-grassy,,Arquitecto: Eladio Laredo Carranza (1916 - 1917).,Visitas guiadas:   Miércoles 12 horas. Jueves 17:30 horas.,,"Metro: Banco de España (línea 2), Sevilla (línea 2), Gran Vía (Líneas 1 y 5).  Bus: 001, 1, 002, 2, 3, 5, 9, 15, 20, 23, 46, 51, 52, 53, 74, 146,  150  Bicimad: Estación 28 (calle Alcalá, 27) / Estación 20a (Calle Alcalá 49)  Aparcamiento: Plaza del Rey (54) / Pedro Zerolo (71)",,3,http://www.madrid.es/sites/v/index.jsp?vgnextchannel=bfa48ab43d6bb410VgnVCM100000171f5a0aRCRD&vgnextoid=daeaef4d7f71c010VgnVCM1000000b205a0aRCRD,gran-via,CALLE,V,1.0,,,,,MADRID,MADRID,28013,3,cortes,https://wikidata.org/entity/Q2535637,1,centro,https://wikidata.org/entity/Q1763376,440779,4474514,4407794474514,40.41914,-3.6980649999999997,915 321 007,915321007,,0,info@grassy.es,/contenido/entidadesYorganismos/Museos
2059,museum-of-romanticism,https://wikidata.org/entity/Q6974501,,"Horario de invierno (de noviembre a abril): De martes a sábado: de 9:30 a 18:30. Domingos y festivos: de 10 a 15 horas.  Horario de verano (de mayo a octubre): De martes a sábado: de 9:30 a 20:30. Domingos y festivos: de 10 a 15 horas.  Cerrado: Todos los lunes, 1 y 6 enero, 1 mayo, 9 noviembre, 24, 25 y 31 diciembre.",,"Metro: Tribunal (líneas 1 y 10), Alonso Martínez (líneas 4, 5 y 10).  Bus: 37, 149, 40, 3.  Bicimad: Estaciones 7 (calle Hortaleza, 75), 54 (calle Barceló, 7).  Aparcamiento: Barceló (69) calle Barceló, s/n; Aparcamiento Escuelas de San Antón (91).","Descripción monumental  Construido para casa palacio del Marqués de Matallana por el arquitecto Manuel Rodríguez, dentro de unas líneas clasicistas, tiene algunas leves reminiscencias del barroco, como las molduras en forma de orejeras en los balcones. Las estancias nobles se organizan en torno a dos patios cuadrados. Conserva un interesante jardín romántico. A finales del siglo XVIII el inmueble pasó a estar habitado por los Condes de la Puebla del Maestre y después, desde junio de 1921, fue sede de la Comisaría Regia de Turismo, organismo creado por el II Marqués de la Vega-Inclán. En 1924 se convirtió en Museo Romántico y desde entonces ha sido restaurado e intervenido en diversas ocasiones con motivo de su funcionamiento como museo.  Desde 2001 a 2009 el Museo fue reformado y puesto a punto, en aplicación de un plan museológico consistente en su renovación, ampliando su ámbito temático desde lo meramente literario hasta lo histórico, político, artístico y decorativo, para dar una visión de conjunto de esta etapa de la vida española. Muestra la ambientación de una casa romántica. Posee obras de los pintores más importantes del siglo XIX (Goya, Madrazo y otros) junto a esculturas, muebles, porcelanas, abanicos y todo tipo de complementos decorativos que nos recuerdan la forma de vida de una familia burguesa del siglo XIX.","1,6",http://www.madrid.es/sites/v/index.jsp?vgnextchannel=bfa48ab43d6bb410VgnVCM100000171f5a0aRCRD&vgnextoid=706cef4d7f71c010VgnVCM1000000b205a0aRCRD,san-mateo,CALLE,V,13.0,,,,,MADRID,MADRID,28004,4,justicia,https://wikidata.org/entity/Q1992319,1,centro,https://wikidata.org/entity/Q1763376,440725,4475259,4407254475259,40.42586,-3.698768,914 481 045 / 914 480 163,914481045,914480163.0,914456940,informacion.romanticismo@cultura.gob.es,/contenido/entidadesYorganismos/Museos
6337393,museo-del-seguro-fundacion-mapfre,,,De lunes a viernes de 9 a 17 horas. Cerrado festivos y mes de agosto.  Visitas en grupo previa reserva en su página web .,,"Metro: Colón (línea 4).  Bus: 5, 14, 21, 27, 37, 45, 53,  150, C03.  Cercanías Renfe: Recoletos (Líneas C1, C2, C7, C10 y Regional).  Bicimad: Estaciones 26 (plaza de las Salesas, 7), 94 (paseo Recoletos, 20), 10 (calle Marqués de la Ensenada, 16).  Aparcamientos: Garaje Piamonte (96), calle Piamonte, 16; Colón (2), plaza de Colón; Villa de Paríz (67) plaza Villa de París.",,3,http://www.madrid.es/sites/v/index.jsp?vgnextchannel=bfa48ab43d6bb410VgnVCM100000171f5a0aRCRD&vgnextoid=479b95f8c72d5310VgnVCM2000000c205a0aRCRD,barbara-de-braganza,CALLE,V,14.0,,,,,MADRID,MADRID,28004,4,justicia,https://wikidata.org/entity/Q1992319,1,centro,https://wikidata.org/entity/Q1763376,441273,4474967,4412734474967,40.42326,-3.692277,,0,,0,,/contenido/entidadesYorganismos/Museos
2115,museo-del-traje,https://wikidata.org/entity/Q9047135,"Edificio de carácter monumental, construido por Jaime López de Asiaín en 1969.","Exposición permanente y temporal   Martes a sábado, de 9:30 a 19:00 horas. Domingos y festivos, de 10 a 15:00 horas.  La taquilla finaliza su actividad de venta de entradas 30 minutos antes de la hora del cierre de la exposición.  Noches de verano - Verano en el Museo   Los jueves de julio y agosto, apertura extraordinaria: 19:30 - 22:30 horas.  Cerrado: Lunes, 1 y 6 enero, 1 mayo, 9 noviembre, 24, 25 y 31 diciembre.",,"Metro: Ciudad Universitaria (línea 6)  Bus: 160, 161, 46, U, 132, 82, G, 133, 162, 83  Bicimad: Estación 257 (avenida Juan Herrera frente a la calle Paul Guinard)",,"1,4,6",http://www.madrid.es/sites/v/index.jsp?vgnextchannel=bfa48ab43d6bb410VgnVCM100000171f5a0aRCRD&vgnextoid=053c4291ae91f010VgnVCM2000000c205a0aRCRD,juan-de-herrera,AVENIDA,V,2.0,,,,,MADRID,MADRID,28040,3,ciudad-universitaria,https://wikidata.org/entity/Q3319235,9,moncloa-aravaca,https://wikidata.org/entity/Q2017682,438273,4476811,4382734476811,40.43966,-3.7278219999999997,915 504 700,915504700,,0,,/contenido/entidadesYorganismos/Museos
2061,royal-palace-of-el-pardo,https://wikidata.org/entity/Q1368571,"Recinto en el que se conserva el Palacio, construido sobre el castillo del siglo XV, la Casita del Príncipe, del siglo XVIII y la Quinta del Duque de Arco (Palacete que fue Casa de Labor y sus tierras). Desde 1983 ha sido adecuado para residencia de Jefes de Estado extranjeros en visita oficial.","Martes a domingo, de 10 a 18 horas. Martes a domingo, de 10 a 19 horas (desde el 1 de abril hasta el 30 de septiembre).","Casa del Príncipe Don Carlos, reserva previa en teléfono 913 761 500.",Bus: 601 (Madrid - Colonia Mingorrubio),,1,http://www.madrid.es/sites/v/index.jsp?vgnextchannel=bfa48ab43d6bb410VgnVCM100000171f5a0aRCRD&vgnextoid=9f9def4d7f71c010VgnVCM1000000b205a0aRCRD,manuel-alonso,CALLE,V,8.0,,,,,MADRID,MADRID,28048,1,el-pardo,https://wikidata.org/entity/Q3314337,8,fuencarral-el-pardo,https://wikidata.org/entity/Q656196,434247,4485823,4342474485823,40.52053,-3.776226,,0,,0,info@patrimonionacional.es,/contenido/entidadesYorganismos/MonumentosEdificiosArtisticos
2062,royal-palace-of-madrid,https://wikidata.org/entity/Q171517,"Construido sobre el solar del antiguo Alcázar tras un incendio en 1734. Proyectado por Juvara en 1735 y construido por Sachet de 1738 a 1764 bajo las influencias del clasicismo barroco. A partir de 1770, Sabatini añadió el ala sudeste y realizó la gran escalera. Es de destacar el gran patio que articula el edificio y la fachada principal que aloja el balcón y Escudo Real.","Lunes a sábado, de 10 a 18 horas. Domingos, de 10 a 16 horas (octubre a marzo). Luns a sábado, de 10 a 19 horas. Domingos, de 10 a 16 horas (abril a septiembre).  Para cierres durante el año o motivados por la celebración de actos oficiales o festividad en el municipio consultar la web.  Jardines del Campo del Moro   Todos los días, de 10 a 18 horas.","Relevo solemne de la Guardia en el Palacio Real de Madrid  La Guardia Real realiza este relevo los primeros miércoles de cada mes, a las 12 horas (excepcionalmente puede haber cambios, consultar en http://www.guardiareal.org/. El acto tiene una duración aproximada de 50 minutos, y se desarrolla en la Plaza de la Armería, finalizando con un concierto de la Unidad de Música en la Puerta del Príncipe (calle Bailén). La entrada es libre y gratuita, hasta completar aforo. Se accede por el Arco de Santiago (calle Bailén esquina con Requena). No se celebra en enero, agosto y septiembre, ni cuando coincide con actos oficiales.   Relevo de la Guardia en la Puerta del Príncipe del Palacio Real de Madrid  El acto se lleva a cabo todos los miércoles y sábados del mes, siempre y cuando los actos oficiales o la climatología lo permitan.  Durante el invierno (septiembre a junio a. i.) se desarrolla entre las 11 y las 14 horas. Durante el verano (julio y agosto) tiene lugar entre las 10 y las 12 horas  Tiene lugar en la calle Bailén.","Metro: Ópera (líneas 2, 5 y Ramal Ópera Norte)  Bus: 3, 25, 39, 148, 46, 62, 75, 138  Cercanías: Príncipe Pío  Bicimad: Estación 36 (Plaza de Ramales, 1), Estación 30 (Calle Pavía, 6)  Aparcamiento: Plaza de España (53), Plaza de España / Calle de Isabel la Católica",,1,http://www.madrid.es/sites/v/index.jsp?vgnextchannel=bfa48ab43d6bb410VgnVCM100000171f5a0aRCRD&vgnextoid=47ddef4d7f71c010VgnVCM1000000b205a0aRCRD,bailen,CALLE,V,0.0,,,,,MADRID,MADRID,28013,1,palacio,https://wikidata.org/entity/Q2136510,1,centro,https://wikidata.org/entity/Q1763376,439542,4474839,4395424474839,40.42199,-3.712673,,0,,0,info@patrimonionacional.es,/contenido/entidadesYorganismos/MonumentosEdificiosArtisticos
2079,panteon-de-espana,,La construcción de este edificio responde a dos de las constantes de fines de siglo: la arquitectura historicista y la escultura funeraria. En él reposan trece personajes ilustres de la historia política y militar española.,De martes a sábado de 10 a 14 y de 16 a 18:30 horas Domingos y festivos de 10 a 15 horas Cerrado todos los lunes del año,,"Metro: Estación del Arte (Atocha) (línea 1)  Bus: 10, 14, 24, 32, 37, 54, 57, 141, 26, C1, C2, 102  Renfe: Atocha  Bicimad: 281 (Paseo Reina Cristina, 6)",,1,http://www.madrid.es/sites/v/index.jsp?vgnextchannel=bfa48ab43d6bb410VgnVCM100000171f5a0aRCRD&vgnextoid=361cef4d7f71c010VgnVCM1000000b205a0aRCRD,julian-gayarre,CALLE,V,3.0,,,,,MADRID,MADRID,28014,1,pacifico,https://wikidata.org/entity/Q3773753,3,retiro,https://wikidata.org/entity/Q2002296,442012,4473070,4420124473070,40.40623,-3.6833979999999995,,0,,0,info@patrimonionacional.es,/contenido/entidadesYorganismos/MonumentosEdificiosArtisticos
3362,church-of-santa-cruz,https://wikidata.org/entity/Q5912532,,,,"Metro: Sol (líneas 1, 2 y 3), Tirso de Molina (línea 1).  Bus: 50, SE712, 26, 32, 6, 65, 18, 23, 17, 002, M1, 31.  Cercanías Renfe: Sol (líneas C3, C4 y Regional).  Bicimad: Estaciones 32 (plaza de la Provincia, 1), 34 (plaza de Jacinto Benavente), 40 (plaza del Conde Romanones, 9).  Aparcamientos: Plaza Mayor (55) y Jacinto Benavente (15) plaza Jacinto Benavente.",,3,http://www.madrid.es/sites/v/index.jsp?vgnextchannel=bfa48ab43d6bb410VgnVCM100000171f5a0aRCRD&vgnextoid=40e0b069a541f010VgnVCM1000000b205a0aRCRD,atocha,CALLE,V,6.0,,,,,MADRID,MADRID,28012,6,sol,https://wikidata.org/entity/Q2465181,1,centro,https://wikidata.org/entity/Q1763376,440165,4474015,4401654474015,40.41461,-3.705254,913 691 239,913691239,,0,santacruz@archimadrid.es,/contenido/entidadesYorganismos/MonumentosEdificiosArtisticos
2213,madrid-planetarium,https://wikidata.org/entity/Q9060456,"Inaugurado el 29 de septiembre de 1986, es un centro dependiente del Área de Cultura, Turismo y Deporte del Ayuntamiento de Madrid. Durante los años 2016/2017 fue sometido a una profunda renovación tanto tecnológica como de las instalaciones y edificio, posible en virtud de un acuerdo de colaboración entre el Ayuntamiento de Madrid y la Obra Social &amp;ldquo;la Caixa&amp;rdquo; &amp;ndash; que incluye dotación de contenidos, renovación de exposiciones y la realización de actividades varias en el campo de la divulgación científica. Siempre con el fin de contribuir a la difusión de la astronomía y de la ciencia en general, tanto entre escolares como entre el público de cualquier edad y condición, posee una variada oferta de proyecciones audiovisuales, exposiciones y actividades (talleres, cursos, conferencias, observaciones públicas...). Las proyecciones que se ofrecen en el Planetario de Madrid se renuevan periódicamente y tienen una duración aproximada de 30 minutos. Existen dos programaciones básicas diferentes: una activa durante el verano y época de vacaciones escolares, y otra durante el curso escolar. Durante el curso escolar, las proyecciones de las mañanas de los días lectivos se reservan a escolares .   Video de presentación del centro. Planetario en  Google Maps.","Horario del centro: De martes a domingo, de 10:00 a 13:45 h y de 17 a 19:45 h. Las mañanas de los días lectivos están dedicadas a las visitas escolares.     Cerrado: Todos los lunes del año. Días 1 y 6 de enero; 1 de mayo; 24, 25 y 31 de diciembre.   Horario de proyecciones .","Sala de Proyección. Planta calle. Para acceder a ella es necesario adquirir una entrada.   Cuatro áreas expositivas de acceso gratuito, distribuidas en dos plantas:   Sala de Astrónomos. Planta baja. Vestíbulo de la planta baja. Vestíbulo de la planta calle. Zona Audiovisual con pantalla de retroproyección. Planta calle.      Tienda: Planta calle.   Sala de Video. Planta baja, en donde se desarrollan los talleres ofertados.    Zona wifi.","Metro: Méndez Álvaro (línea 6). Cercanías Renfe: Méndez Álvaro (C5, C7B y C10)  Planetario en  Google Maps.",,"1,6",http://www.madrid.es/sites/v/index.jsp?vgnextchannel=bfa48ab43d6bb410VgnVCM100000171f5a0aRCRD&vgnextoid=c9c5b069a541f010VgnVCM1000000b205a0aRCRD,planetario,AVENIDA,V,16.0,,,,,MADRID,MADRID,28045,4,legazpi,https://wikidata.org/entity/Q3773990,2,arganzuela,https://wikidata.org/entity/Q2000929,441868,4471523,4418684471523,40.39227,-3.6849559999999997,"914 673 461 (reserva grupos)                                                                                                                                                                                                                                                                                                                                                                                                                                               
914 673 898 (contestador automático de información)",914673461,914673898.0,0,buzon@planetmad.es,/contenido/entidadesYorganismos/Planetarios
3359,royal-basilica-of-saint-francis-the-great,https://wikidata.org/entity/Q2473884,"Conjunto conventual que sustituyó al monasterio franciscano medieval, construido por Francisco de las Cabezas entre 1761 y 1768, que fue relevado por Antonio Polo y que concluye Francisco Sabatini en 1784 donde se exponen colecciones de pinturas de los siglos XVII al XIX.",Visita Guiada Museo y tarifas,,"Metro: La Latina (línea 5), Puerta de Toledo (línea 5).  Bus: 148, 3, 60, 18, 23, 35, 17, 41.  Bicimad: Estación 37 (Plaza San Francisco, 5).  Aparcamiento: Parking VOT (97), Ventosa.",Reservas para grupos en teléfono 669 892 313 de 10:30 a 13:30 horas.,1,http://www.madrid.es/sites/v/index.jsp?vgnextchannel=bfa48ab43d6bb410VgnVCM100000171f5a0aRCRD&vgnextoid=ef8d0713fb71c010VgnVCM1000000b205a0aRCRD,san-buenaventura,CALLE,V,1.0,,,,,MADRID,MADRID,28005,1,palacio,https://wikidata.org/entity/Q2136510,1,centro,https://wikidata.org/entity/Q1763376,439377,4473603,4393774473603,40.41084,-3.714492,91 365 38 00,913653800,,0,madridfcogrande@ofminmaculada.org,/contenido/entidadesYorganismos/MonumentosEdificiosArtisticos
2087,real-fabrica-de-tapices,,,Lunes a viernes: de 10 a 14 horas.,,"Metro: Menéndez Pelayo (línea 1).  Bus: 10, 14, 24, 26, 32, 37, 54, 57, 141, 152, C1, C2  Bicimad: Estación 79 (avenida de menéndez Pelayo, 38) / 281 (Paseo Reina Cristina,6)  Cercanías Renfe: Atocha (líneas C1, C2, C3, C4, C4a, C4b, C5, C7, C10 y Regional).",,3,http://www.madrid.es/sites/v/index.jsp?vgnextchannel=bfa48ab43d6bb410VgnVCM100000171f5a0aRCRD&vgnextoid=53cbff632081c010VgnVCM1000000b205a0aRCRD,fuenterrabia,CALLE,V,2.0,,,,,MADRID,MADRID,28014,1,pacifico,https://wikidata.org/entity/Q3773753,3,retiro,https://wikidata.org/entity/Q2002296,442087,4473054,4420874473054,40.40609,-3.6825090000000005,914 340 550,914340550,,0,informacion@realfabricadetapices.com,/contenido/entidadesYorganismos/MonumentosEdificiosArtisticos
4707297,real-monasterio-de-santa-isabel,,"El Real Monasterio de Santa Isabel está situado en Madrid, dentro de la ciudad histórica, en una gran manzana, próxima a Atocha. Santa Isabel agrupa dos fundaciones, un colegio de niñas, establecido por Felipe II, y un convento de clausura de monjas agustinas recoletas, fundado por la esposa de Felipe III, doña Margarita de Austria. La arquitectura de la iglesia se debe a Gómez de Mora, de mediados del siglo XVIII. En la clausura se conservan numerosas obras pictóricas de los siglos XVII y XVIII.",El acceso al templo sólo es posible en horario de culto.,,"Metro: Estación del Arte (Atocha) (línea 1)  Bus: 26, 32, 6, 27, 34, C1  Renfe: Atocha",,3,http://www.madrid.es/sites/v/index.jsp?vgnextchannel=bfa48ab43d6bb410VgnVCM100000171f5a0aRCRD&vgnextoid=545b544a249c6110VgnVCM1000000b205a0aRCRD,santa-isabel,CALLE,V,48.0,,,,,MADRID,MADRID,28012,2,embajadores,https://wikidata.org/entity/Q2449844,1,centro,https://wikidata.org/entity/Q1763376,440926,4473438,4409264473438,40.40946,-3.6962319999999997,,0,,0,info@patrimonionacional.es,/contenido/entidadesYorganismos/MonumentosEdificiosArtisticos
3349,royal-convent-of-la-encarnacion,https://wikidata.org/entity/Q205524,"Edificio construído por Juan Gómez de Mora de 1611 a 1616 como monasterio anejo al Alcázar Real, modelo de lo que se ha dado en llamar barroco madrileño. Cuenta con la reliquia de San Pantaleón.","Martes a sábado, de 10 a 14 y de 16 a 18:30 horas, Domingos y festivos, de 10 a 15 horas.",,"Metro: Ópera (líneas 2, 5 y Ramal Ópera Príncipe Pío), Plaza de España (líneas 3, 10)  Bus: 3, 25, 39, 148, 46, 62, 75  Bicimad: Estación 30 (Calle Pavía, 6), Estación 24 (Calle Carlos III, 1)  Aparcamiento: Calle de Isabel la Católica",,3,http://www.madrid.es/sites/v/index.jsp?vgnextchannel=bfa48ab43d6bb410VgnVCM100000171f5a0aRCRD&vgnextoid=72ad0713fb71c010VgnVCM1000000b205a0aRCRD,encarnacion,PLAZA,V,1.0,,,,,MADRID,MADRID,28013,1,palacio,https://wikidata.org/entity/Q2136510,1,centro,https://wikidata.org/entity/Q1763376,439634,4474582,4396344474582,40.41968,-3.71156,,0,,0,info@patrimonionacional.es,/contenido/entidadesYorganismos/MonumentosEdificiosArtisticos
3348,real-monasterio-de-las-descalzas-reales,,"Convento fundado por la Princesa Juana de Austria, transformando un antiguo palacio de su madre Isabel de Portugal.","Martes a sábado, de 10 a 14 y de 16 a 18:30 horas. Domingos y festivos, de 10 a 15 horas. Solo visitas guiadas.",,"Metro: Ópera (líneas 2, 5 y Ramal Ópera-Príncipe Pío).  Bus: SE712  Bicimad: Estación 25 a y b (Plaza de Celenque)  Aparcamiento: Descalzas (20), Plaza Descalzas y Plaza San Martín / El Corte Inglés Preciados (93), Calle Preciados",,3,http://www.madrid.es/sites/v/index.jsp?vgnextchannel=bfa48ab43d6bb410VgnVCM100000171f5a0aRCRD&vgnextoid=12e113db5b71c010VgnVCM1000000b205a0aRCRD,descalzas,PLAZA,V,3.0,,,,,MADRID,MADRID,28013,6,sol,https://wikidata.org/entity/Q2465181,1,centro,https://wikidata.org/entity/Q1763376,440087,4474418,4400874474418,40.41824,-3.706203,,0,,0,info@patrimonionacional.es,/contenido/entidadesYorganismos/MonumentosEdificiosArtisticos
20605,temple-of-debod,https://wikidata.org/entity/Q1140249,"Templo egipcio dedicado a Amón de Debod y a Isis, construido entre 185 AC y el siglo I de la Era. Fue donado por Egipto a España en 1968, en agradecimiento por la ayuda en el salvamento de los templos de Abu Simbel.  Egyptian temple dedicated to Amun of Debod and Isis. It was built between 185 BC and the 1st century. It was donated by Egypt to Spain in 1968 for its help in the rescue of the temples of Abu Simbel.","Martes a domingo y festivos, de 10 a 20  horas.  Cerrado todos los lunes (incluidos lunes festivos) y los días 1 y 6 de enero, 1 de mayo, 24, 25 y 31 de diciembre. Último acceso al templo a las 19:30 horas. El horario y la apertura de salas pueden sufrir modificaciones. Por favor, confírmelo en el teléfono de información del museo.","Obtención de información sobre sus fondos y colecciones con fines de investigación, enseñanza o difusión.   Se pueden realizar fotografías o grabaciones de vídeo libremente en el exterior o en el interior del templo, siempre y cuando no se utilicen flash o trípode y su fin no sea comercial. Para la obtención de reproducciones de fotografías del archivo del templo de Debod con fines editoriales, de investigación, difusión o comerciales el interesado deberá cumplimentar la solicitud de Reproducciones Fotográficas. La realización de reportajes fotográficos y grabaciones profesionales en el recinto del templo de Debod (estanque delantero, plataformas y edificio) sólo será autorizada cuando los fines para los que se solicita sean la divulgación y difusión cultural del monumento o de las actividades museísticas que en él se desarrollen. Cualquier otra finalidad, gratuita o comercial, será desestimada. El horario de información telefónica y telemática del Templo de Debod es de lunes a viernes de 8 a 15 horas. Fuera de este horario puede utilizar el teléfono gratuito de Línea Madridl 010 (915 298 210, si llama desde fuera de la ciudad de Madrid, con el prefijo 34 si llama desde fuera de España). Zona wifi.","Metro: Plaza de España (líneas 3 y 10) y Ventura Rodríguez (línea 3) Bus: 1, 2, 3, 25, 39, 44, 46, 74, 75, 133, 138, 148, C1 y C2 Renfe: Príncipe Pío  Bus turístico: Ruta 1. PARADA 10 - Templo de Debod Otras formas de acceso:   Aparcamiento de coches: dentro del Área de Estacionamiento Regulado de la ciudad de Madrid.  BICIMAD (Servicio público de bicicletas de la ciudad de Madrid): Estación 115 (calle Evaristo San Miguel s/n.,entre Paseo Pintor Rosales y calle Ferraz)","El templo de Debod no cuenta en la actualidad con accesos adaptados a personas con movilidad reducida y la circulación en su interior es igualmente difícil.  Debod temple has currently no access adapted for people with reduced mobility.    El templo es un monumento histórico de una antig&amp;uuml;edad de 2.200 años. Su estructura interna, que constituye el espacio de actual de exposición, está formada por distintas salas de dimensiones reducidas, con vanos estrechos y numerosas barreras, que responden a los fines y necesidades de los cultos religiosos que en él tuvieron lugar, pero que imposibilitan la circulación con sillas de ruedas convencionales.  La legislación sobre accesibilidad vigente en nuestra Comunidad (Ley 8/1993 de 22 de Junio de Promoción de la Accesibilidad y Supresión de Barreras Arquitectónicas), en su disposición adicional 7&amp;ordf;, exime de su aplicación en los inmuebles declarados Bien de Interés Cultural o en aquellos edificios de valor histórico-artístico. No obstante, se está trabajando en hacer accesibles las plataformas en las que se levanta el templo y sus dos portales.","0,6",http://www.madrid.es/sites/v/index.jsp?vgnextchannel=bfa48ab43d6bb410VgnVCM100000171f5a0aRCRD&vgnextoid=13b432df1d51c010VgnVCM2000000c205a0aRCRD,ferraz,CALLE,V,1.0,,,,,MADRID,MADRID,28008,1,casa-de-campo,https://wikidata.org/entity/Q16302441,9,moncloa-aravaca,https://wikidata.org/entity/Q2017682,439218,4475093,4392184475093,40.42425,-3.716531,913 667 415 (Museo de San Isidro / Templo de Debod),913667415,,0,templodebod@madrid.es,/contenido/entidadesYorganismos/MonumentosEdificiosArtisticos
7685664,the-robot-museum-museo-del-robot,,,"Martes, miércoes y jueves: De 16:20 a 19:20 horas.  Viernes:  De 16:20 a 19 horas.   Sábados: De 12:20 a 13:40 horas y de 16:20 a 19:40 horas.",,"Metro: Ruben Darío (línea 5), Nuñez de Balboa (líneas 5 y 9).  Bus: 1, 5, 9, 14, 19, 27, 45, 51, 74, 150.  Bicimad: Estaciones 142 (paseo de la Castellana, 42), 103 (calle José Ortega y Gasset, 4), 198 (Castellana, 33)",Visita recomendada para mayores de 4 años.,3,http://www.madrid.es/sites/v/index.jsp?vgnextchannel=bfa48ab43d6bb410VgnVCM100000171f5a0aRCRD&vgnextoid=e0b7b8dc8f719410VgnVCM1000000b205a0aRCRD,serrano,CALLE,V,61.0,,,,,MADRID,MADRID,28006,6,castellana,https://wikidata.org/entity/Q4781,4,salamanca,https://wikidata.org/entity/Q1773521,441732,4475957,4417324475957,40.43221,-3.6869549999999998,644 326 470,644326470,,0,info@therobotmuseum.eu,/contenido/entidadesYorganismos/Museos
7071384,yacimiento-paleontologico-estacion-de-metro-carpetana,,"Durante las obras de remodelación de la estación de Carpetana se descubrieron restos paleontológicos con valiosos hallazgos del Mioceno, lo que ha hecho posible una reconstrucción de los paleoambientes en dos yacimientos verticales.  Más información.","Todos los días durante la apertura de la estación, de 6 a 1:30 horas.",,"Metro: Carpetana (línea 6).  Bus: 17, 25, 55, 119.  Bicimad: 376 (Calle del Pinzón, 1A)",,1,http://www.madrid.es/sites/v/index.jsp?vgnextchannel=bfa48ab43d6bb410VgnVCM100000171f5a0aRCRD&vgnextoid=05fbb57fd3c70410VgnVCM1000000b205a0aRCRD,via-carpetana,CALLE,V,141.0,,,,,MADRID,MADRID,28047,4,vista-alegre,https://wikidata.org/entity/Q3813741,11,carabanchel,https://wikidata.org/entity/Q1001991,437086,4471590,4370864471590,40.39254,-3.741302,,0,,0,,/contenido/entidadesYorganismos/Museos
10873287,zapadores-ciudad-del-arte,,"Otra Sede del Museo La Neomudejar   13 de ZAPADORES. Apostamos por crear una ciudadela del arte y de todos sus protagonistas: artistas, galeristas, asociaciones, curadores y museos. Todos juntos en un espacio donde podamos dar lugar a sinergias, discusiones, contaminaciones, aprendizajes y discursos para retar, reinventar e imaginar otras formas de hacer.","Miércoles a domingo, de 12 a 18 horas.",,,,3,http://www.madrid.es/sites/v/index.jsp?vgnextchannel=bfa48ab43d6bb410VgnVCM100000171f5a0aRCRD&vgnextoid=c30ab3683ea58610VgnVCM2000001f4a900aRCRD,antonio-de-cabezon,CALLE,V,70.0,,,,,MADRID,MADRID,28034,6,valverde,https://wikidata.org/entity/Q31132,8,fuencarral-el-pardo,https://wikidata.org/entity/Q656196,442223,4483003,4422234483003,40.49572,-3.6818109999999997,,0,,0,,/contenido/entidadesYorganismos/Museos
