POSICION,ID,MOTIVO,COMENTARIO,idelem,NOVEDAD,DISEÑO,DISTRITOS,BARRIO,TIPO,LONGITUD,N_ELEMENTOS,PROMOTOR,TEXTO
gran-via,gran-via_1,ARCOS COMPACTOS,"ARCOS CON TRES VANOS, INCLUYENDO ACERA",1,NO,BEN BUSCHE,centro,cortes,LINEAL,1336,0,AG OBRAS Y EQUIPAMIENTOS,"La instalación lumínica se inspira en las imágenes de las nebulosas y galaxias del telescopio Hubble y el sentimiento que se asocia inmediatamente al contemplarlos: el asombro hipnótico ante la inmensidad del espacio, la infinidad de estrellas y de mundos posibles mezclado con los recuerdos de la contemplación real de la vía láctea, también presentes aunque cada vez más lejanos y aparentemente irreales por la ausencia de oscuridad del cielo nocturno en una sociedad cada vez más urbanizada"
plaza-chueca,plaza-chueca_2,MOTIVO SINGULAR,CATENARIAS CON COLGANTES CRUZADOS,2,SI,ANA LOCKING,centro,justicia,LINEAL,146,0,AG OBRAS Y EQUIPAMIENTOS,MOTIVO LUMINOSO
montera,montera_3,ARCOS COMPACTOS,"MOTIVOS DE RENOS, CAMPANAS, PATINES, BOLAS, MUERDAGO,",3,NO,MAYA HANSEN,centro,sol,LINEAL,291,0,AG OBRAS Y EQUIPAMIENTOS,"“He querido mezclar elementos tradicionales como las clásicas campanas navideñas, los renos o los patines sobre hielo, con elementos insignia de mi trabajo como el corsé que se ve en la parte central, cuya lazada finaliza haciendo alusión a la firma del graffitero Juan Carlos Argüelles, conocido como ‘Muelle’, un elemento muy característico de la calle Montera”, declara la diseñadora madrileña."
fuencarral-de-gran-via-a-hernan-cortes,fuencarral-de-gran-via-a-hernan-cortes_4,ARCOS COMPACTOS,ARCOS CON LEMURES,4,NO,TERESA HELBIG,centro,justicia,LINEAL,393,0,AG OBRAS Y EQUIPAMIENTOS,"“Con los lémures siempre hemos sentido una conexión especial, por sus habilidades comunicativas innatas, por coquetos y presumidos, por ser propulsores del feminismo en el reino animal… Por eso queríamos que fuesen ellos quienes protagonizasen las luces que hemos diseñado. A través de sus ojos, celebramos la picardía, la sensibilidad e inteligencia innatas, el sexto sentido, la libertad y la feminidad”, cuenta la diseñadora."
hortaleza-de-gran-via-a-hernan-cortes,hortaleza-de-gran-via-a-hernan-cortes_5,ARCOS COMPACTOS,ARCOS CON CIRCULOS DE COLORES,5,NO,,centro,justicia,LINEAL,388,0,AG OBRAS Y EQUIPAMIENTOS,MOTIVO LUMINOSO
calle-mayor,calle-mayor_6,COLGANTES,BURBUJAS ESFERVESCENTES,6,NO,SERGIO SEBASTIAN,centro,sol,LINEAL,490,0,AG OBRAS Y EQUIPAMIENTOS,BURBUJAS ESFERVESCENTES FORMADAS POR ESTRUCTURA METALICA DE ALUMINIO CON HILO DE LED CON MOVIMIENTO DINAMICO Y VARIABLE EN INTENSIDAD LUMINOSA
plaza-de-canalejas,plaza-de-canalejas_7,MOTIVO SINGULAR,DISEÑO DE IRIS,7,SI,BEN BUSCHE,centro,cortes-sol,PUNTUAL,0,0,AG OBRAS Y EQUIPAMIENTOS,"El diseño en la Plaza de Canalejas se inspira en el cielo estrellado, las constelaciones,  las imágenes del telescopio Hubble y los sentimientos que se asocian inmediatamente a su contemplación: el asombro hipnótico ante la inmensidad del espacio. Por la plaza con su forma perfectamente circular se extiende una nebulosa que aparenta un iris de un ojo. Espacio urbano perfectamente circular con un diámetro de 50 metros, con una malla de cuerdas luminosas concéntricas rojas y azules situada a 9 metros del suelo que crea la ilusión de un iris gigante flotando en el espacio. La impresionante instalación espacial cubre una superficie total de 2000 m2. Solo el hilo luminoso LED de color rojo y azul tiene una longitud total de 2 kilómetros. Las dos esferas de 1 metro de diámetro cambian constantemente de color y se iluminan con 1.800 LED RGB cada una. Total 102.600 leds con un consumo de 2,1 kW/h"
plaza-mayor,plaza-mayor_8,ARCOS COMPACTOS,VELAS NAVIDEÑAS,8,NO,,centro,sol,LINEAL,410,0,AG OBRAS Y EQUIPAMIENTOS,MOTIVO LUMINOSO
ciudad-rodrigo,ciudad-rodrigo_9,ARCOS COMPACTOS,PAÑOS O NEBLINA,9,NO,,centro,sol,LINEAL,40,0,AG OBRAS Y EQUIPAMIENTOS,"PAÑOS BLANCOS DE 2,10 METROS DE ANCHO POR 2,6 METROS DE ALTURA, CON ILUMINACION POR MEDIO DE CORTINA LEDS DE 1.425 PUNTOS CON UNA POTENCIA DE 125 W"
sal,sal_10,ARCOS COMPACTOS,PAÑOS O NEBLINA,10,NO,,centro,sol,LINEAL,36,0,AG OBRAS Y EQUIPAMIENTOS,"PAÑOS BLANCOS DE 2,10 METROS DE ANCHO POR 2,6 METROS DE ALTURA, CON ILUMINACION POR MEDIO DE CORTINA LEDS DE 1.425 PUNTOS CON UNA POTENCIA DE 125 W"
postas,postas_11,ARCOS COMPACTOS,PAÑOS O NEBLINA,11,NO,,centro,sol,LINEAL,116,0,AG OBRAS Y EQUIPAMIENTOS,"PAÑOS BLANCOS DE 2,10 METROS DE ANCHO POR 2,6 METROS DE ALTURA, CON ILUMINACION POR MEDIO DE CORTINA LEDS DE 1.425 PUNTOS CON UNA POTENCIA DE 125 W"
esparteros,esparteros_12,ARCOS COMPACTOS,PAÑOS O NEBLINA,12,NO,,centro,sol,LINEAL,142,0,AG OBRAS Y EQUIPAMIENTOS,"PAÑOS BLANCOS DE 2,10 METROS DE ANCHO POR 2,6 METROS DE ALTURA, CON ILUMINACION POR MEDIO DE CORTINA LEDS DE 1.425 PUNTOS CON UNA POTENCIA DE 125 W"
cava-de-san-miguel,cava-de-san-miguel_13,ARCOS COMPACTOS,PAÑOS O NEBLINA,13,NO,,centro,sol,LINEAL,162,0,AG OBRAS Y EQUIPAMIENTOS,"PAÑOS BLANCOS DE 2,10 METROS DE ANCHO POR 2,6 METROS DE ALTURA, CON ILUMINACION POR MEDIO DE CORTINA LEDS DE 1.425 PUNTOS CON UNA POTENCIA DE 125 W"
carretas,carretas_14,ARCOS COMPACTOS,PAÑOS O NEBLINA,14,NO,,centro,sol,LINEAL,215,0,AG OBRAS Y EQUIPAMIENTOS,"PAÑOS BLANCOS DE 2,10 METROS DE ANCHO POR 2,6 METROS DE ALTURA, CON ILUMINACION POR MEDIO DE CORTINA LEDS DE 1.425 PUNTOS CON UNA POTENCIA DE 125 W"
espoz-y-mina,espoz-y-mina_15,ARCOS COMPACTOS,PAÑOS O NEBLINA,15,NO,,centro,sol,LINEAL,169,0,AG OBRAS Y EQUIPAMIENTOS,"PAÑOS BLANCOS DE 3 METROS DE ANCHO POR 1,5 METROS DE ALTURA, CON ILUMINACION POR MEDIO DE CORTINA LEDS DE 1.425 PUNTOS CON UNA POTENCIA DE 125 W"
hileras,hileras_16,ARCOS COMPACTOS,PAÑOS O NEBLINA,16,NO,,centro,sol,LINEAL,113,0,AG OBRAS Y EQUIPAMIENTOS,"PAÑOS BLANCOS DE 3 METROS DE ANCHO POR 1,5 METROS DE ALTURA, CON ILUMINACION POR MEDIO DE CORTINA LEDS DE 1.425 PUNTOS CON UNA POTENCIA DE 125 W"
fuentes,fuentes_17,ARCOS COMPACTOS,PAÑOS O NEBLINA,17,NO,,centro,sol,LINEAL,112,0,AG OBRAS Y EQUIPAMIENTOS,"PAÑOS BLANCOS DE 3 METROS DE ANCHO POR 1,5 METROS DE ALTURA, CON ILUMINACION POR MEDIO DE CORTINA LEDS DE 1.425 PUNTOS CON UNA POTENCIA DE 125 W"
milaneses,milaneses_19,ARCOS COMPACTOS,PAÑOS O NEBLINA,19,NO,,centro,palacio,LINEAL,43,0,AG OBRAS Y EQUIPAMIENTOS,"PAÑOS BLANCOS DE 3 METROS DE ANCHO POR 1,5 METROS DE ALTURA, CON ILUMINACION POR MEDIO DE CORTINA LEDS DE 1.425 PUNTOS CON UNA POTENCIA DE 125 W"
santiago,santiago_20,ARCOS COMPACTOS,PAÑOS O NEBLINA,20,NO,,centro,palacio,LINEAL,187,0,AG OBRAS Y EQUIPAMIENTOS,"PAÑOS BLANCOS DE 3 METROS DE ANCHO POR 1,5 METROS DE ALTURA, CON ILUMINACION POR MEDIO DE CORTINA LEDS DE 1.425 PUNTOS CON UNA POTENCIA DE 125 W"
escalinata,escalinata_21,ARCOS COMPACTOS,PAÑOS O NEBLINA,21,NO,,centro,palacio,LINEAL,86,0,AG OBRAS Y EQUIPAMIENTOS,"PAÑOS BLANCOS DE 3 METROS DE ANCHO POR 1,5 METROS DE ALTURA, CON ILUMINACION POR MEDIO DE CORTINA LEDS DE 1.425 PUNTOS CON UNA POTENCIA DE 125 W"
meson-de-panos,meson-de-panos_22,ARCOS COMPACTOS,PAÑOS O NEBLINA,22,NO,,centro,palacio,LINEAL,87,0,AG OBRAS Y EQUIPAMIENTOS,"PAÑOS BLANCOS DE 3 METROS DE ANCHO POR 1,5 METROS DE ALTURA, CON ILUMINACION POR MEDIO DE CORTINA LEDS DE 1.425 PUNTOS CON UNA POTENCIA DE 125 W"
costanilla-de-santiago,costanilla-de-santiago_23,ARCOS COMPACTOS,PAÑOS O NEBLINA,23,NO,,centro,palacio,LINEAL,41,0,AG OBRAS Y EQUIPAMIENTOS,"PAÑOS BLANCOS DE 3 METROS DE ANCHO POR 1,5 METROS DE ALTURA, CON ILUMINACION POR MEDIO DE CORTINA LEDS DE 1.425 PUNTOS CON UNA POTENCIA DE 125 W"
ballesta,ballesta_24,COLGANTES,FLORES COLGANTES,24,NO,BEN BUSCHE,centro,universidad,LINEAL,134,0,AG OBRAS Y EQUIPAMIENTOS,MOTIVO LUMINOSO
loreto-y-chicote,loreto-y-chicote_25,COLGANTES,FLORES COLGANTES,25,NO,BEN BUSCHE,centro,universidad,LINEAL,101,0,AG OBRAS Y EQUIPAMIENTOS,MOTIVO LUMINOSO
desengano,desengano_26,COLGANTES,FLORES COLGANTES,26,NO,BEN BUSCHE,centro,universidad,LINEAL,213,0,AG OBRAS Y EQUIPAMIENTOS,MOTIVO LUMINOSO
corredera-baja-de-san-pablo,corredera-baja-de-san-pablo_27,COLGANTES,FLORES COLGANTES,27,NO,BEN BUSCHE,centro,universidad,LINEAL,161,0,AG OBRAS Y EQUIPAMIENTOS,MOTIVO LUMINOSO
gonzalez-jimenez-de-quesada,gonzalez-jimenez-de-quesada_28,COLGANTES,CUBOS COLGANTES,28,NO,,centro,universidad,LINEAL,46,0,AG OBRAS Y EQUIPAMIENTOS,"CUBOS DE COLORES DE 1,3 1,15 O 1,0 METROS DE ARISTA CON CORDONES DE COLORES AZUL, ROSA, VERDE, BLANCO, AMARILLO O ROJO"
valverde,valverde_29,COLGANTES,CUBOS COLGANTES,29,NO,,centro,universidad,LINEAL,67,0,AG OBRAS Y EQUIPAMIENTOS,"CUBOS DE COLORES DE 1,3 1,15 O 1,0 METROS DE ARISTA CON CORDONES DE COLORES AZUL, ROSA, VERDE, BLANCO, AMARILLO O ROJO"
barco,barco_30,COLGANTES,CUBOS COLGANTES,30,NO,,centro,universidad,LINEAL,36,0,AG OBRAS Y EQUIPAMIENTOS,"CUBOS DE COLORES DE 1,3 1,15 O 1,0 METROS DE ARISTA CON CORDONES DE COLORES AZUL, ROSA, VERDE, BLANCO, AMARILLO O ROJO"
pez,pez_31,COLGANTES,FLORES COLGANTES,31,NO,BEN BUSCHE,centro,universidad,LINEAL,311,0,AG OBRAS Y EQUIPAMIENTOS,MOTIVO LUMINOSO
huertas,huertas_32,COLGANTES,CIRCULOS CON ESTRELLAS,32,NO,BEN BUSCHE,centro,cortes,LINEAL,509,0,AG OBRAS Y EQUIPAMIENTOS,MOTIVO LUMINOSO
plaza-del-angel,plaza-del-angel_33,COLGANTES,CIRCULOS CON ESTRELLAS,33,NO,BEN BUSCHE,centro,cortes,LINEAL,134,0,AG OBRAS Y EQUIPAMIENTOS,MOTIVO LUMINOSO
principe-de-pz-canalejas-a-pz-de-santa-ana,principe-de-pz-canalejas-a-pz-de-santa-ana_34,COLGANTES,CIRCULOS CON ESTRELLAS,34,NO,BEN BUSCHE,centro,cortes,LINEAL,232,0,AG OBRAS Y EQUIPAMIENTOS,MOTIVO LUMINOSO
c-prado-entre-c-echegaray-y-plaza-de-santa-ana,c-prado-entre-c-echegaray-y-plaza-de-santa-ana_35,COLGANTES,CIRCULOS CON ESTRELLAS,35,NO,BEN BUSCHE,centro,cortes,LINEAL,56,0,AG OBRAS Y EQUIPAMIENTOS,MOTIVO LUMINOSO
manuel-fernandez-gonzalez,manuel-fernandez-gonzalez_36,COLGANTES,CIRCULOS CON ESTRELLAS,36,NO,BEN BUSCHE,centro,cortes,LINEAL,109,0,AG OBRAS Y EQUIPAMIENTOS,MOTIVO LUMINOSO
c-leon,c-leon_37,COLGANTES,CIRCULOS CON ESTRELLAS,37,NO,BEN BUSCHE,centro,cortes,LINEAL,268,0,AG OBRAS Y EQUIPAMIENTOS,MOTIVO LUMINOSO
c-nunez-de-arce-desde-plaza-de-santa-ana,c-nunez-de-arce-desde-plaza-de-santa-ana_38,COLGANTES,CIRCULOS CON ESTRELLAS,38,NO,BEN BUSCHE,centro,cortes,LINEAL,116,0,AG OBRAS Y EQUIPAMIENTOS,MOTIVO LUMINOSO
espoz-y-mina-bo-letras,espoz-y-mina-bo-letras_39,COLGANTES,CIRCULOS CON ESTRELLAS,39,NO,,centro,cortes,LINEAL,90,0,AG OBRAS Y EQUIPAMIENTOS,MOTIVO LUMINOSO
plaza-de-matute,plaza-de-matute_40,COLGANTES,CIRCULOS CON ESTRELLAS,40,NO,BEN BUSCHE,centro,cortes,LINEAL,44,0,AG OBRAS Y EQUIPAMIENTOS,MOTIVO LUMINOSO
moratin,moratin_41,COLGANTES,CIRCULOS CON ESTRELLAS,41,NO,BEN BUSCHE,centro,cortes,LINEAL,240,0,AG OBRAS Y EQUIPAMIENTOS,MOTIVO LUMINOSO
c-echegaray-entre-c-prado-y-c-huertas,c-echegaray-entre-c-prado-y-c-huertas_42,COLGANTES,CIRCULOS CON ESTRELLAS,42,NO,BEN BUSCHE,centro,cortes,LINEAL,209,0,AG OBRAS Y EQUIPAMIENTOS,MOTIVO LUMINOSO
duque-de-medinacelli,duque-de-medinacelli_43,COLGANTES,CIRCULOS CON ESTRELLAS,43,NO,BEN BUSCHE,centro,cortes,LINEAL,140,0,AG OBRAS Y EQUIPAMIENTOS,MOTIVO LUMINOSO
plaza-de-jesus,plaza-de-jesus_44,COLGANTES,CIRCULOS CON ESTRELLAS,44,NO,BEN BUSCHE,centro,cortes,LINEAL,78,0,AG OBRAS Y EQUIPAMIENTOS,MOTIVO LUMINOSO
jesus,jesus_45,COLGANTES,CIRCULOS CON ESTRELLAS,45,NO,BEN BUSCHE,centro,cortes,LINEAL,68,0,AG OBRAS Y EQUIPAMIENTOS,MOTIVO LUMINOSO
preciados,preciados_46,ARCOS COMPACTOS,CORAZON Y OTROS,46,NO,JUAN VIDAL,centro,sol,LINEAL,304,0,AG OBRAS Y EQUIPAMIENTOS,"“En tiempos donde encontramos cada vez más diferencias que nos alejan y nos hacen vulnerables, el corazón es un mensaje claro y poderoso. El amor, infinito e incondicional, es un objetivo mayor que cohesiona y da rumbo a nuestra existencia”, explica el diseñador."
arenal,arenal_47,COLGANTES,ROSETONES,47,SI,MOISES NIETO,centro,sol,LINEAL,386,0,AG OBRAS Y EQUIPAMIENTOS,"El diseño de la iluminación de la calle Arenal se encuentra inspirado en el barrio donde se albergaban en el siglo XVII todos los talleres artesanales (hiladores, bordadores, guarnicioneros"",  grandes esferas inspiradas en ""patrones circulares hechos en ganchillo""."
carmen,carmen_48,COLGANTES,FLORES COLGANTES,48,NO,BEN BUSCHE,centro,sol,LINEAL,316,0,AG OBRAS Y EQUIPAMIENTOS,MOTIVO LUMINOSO
mesonero-romanos,mesonero-romanos_49,COLGANTES,FLORES COLGANTES,49,NO,BEN BUSCHE,centro,sol,LINEAL,26,0,AG OBRAS Y EQUIPAMIENTOS,MOTIVO LUMINOSO
tetuan,tetuan_50,COLGANTES,FLORES COLGANTES,50,NO,BEN BUSCHE,centro,sol,LINEAL,187,0,AG OBRAS Y EQUIPAMIENTOS,MOTIVO LUMINOSO
postigo-de-san-martin,postigo-de-san-martin_51,ARCOS COMPACTOS,PAÑOS O NEBLINA,51,NO,,centro,sol,LINEAL,124,0,AG OBRAS Y EQUIPAMIENTOS,"PAÑOS BLANCOS DE 3 METROS DE ANCHO POR 1,5 METROS DE ALTURA, CON ILUMINACION POR MEDIO DE CORTINA LEDS DE 1.425 PUNTOS CON UNA POTENCIA DE 125 W"
puerta-de-toledo,puerta-de-toledo_52,MOTIVO NAVIDEÑO,BELEN,52,NO,BEN BUSCHE,centro-arganzuela,embajadores,PUNTUAL,0,0,AG OBRAS Y EQUIPAMIENTOS,MOTIVO LUMINOSO
entrada-plaza-mayor-por-c-ciudad-rodrigo,entrada-plaza-mayor-por-c-ciudad-rodrigo_53,MOTIVO NAVIDEÑO,NACIMIENTO,53,NO,BEN BUSCHE,centro,sol,PUNTUAL,0,0,AG OBRAS Y EQUIPAMIENTOS,MOTIVO LUMINOSO
viaducto-calle-segovia,viaducto-calle-segovia_54,MOTIVO NAVIDEÑO,,54,NO,BEN BUSCHE,centro,palacio,PUNTUAL,0,0,AG OBRAS Y EQUIPAMIENTOS,MOTIVO LUMINOSO
atocha-de-pz-anton-martin-a-pz-benavente,atocha-de-pz-anton-martin-a-pz-benavente_55,ARCOS COMPACTOS,JUEGO DE CIRCULOS Y BOLAS TRIDIMENSIONALES,55,NO,,centro,cortes-embajadores,LINEAL,368,0,AG OBRAS Y EQUIPAMIENTOS,MOTIVO LUMINOSO
alcala-con-gran-via,alcala-con-gran-via_56,MOTIVO NAVIDEÑO,BOLA LUZ Y SONIDO CON PROYECCIONES PERIODICAS,56,NO,,centro,cortes,PUNTUAL,0,0,AG OBRAS Y EQUIPAMIENTOS,"Esfera lumínica. La bola tiene un peso de 7 toneladas, 12 metros de diámetro y 43.000 luces led. Y creará un espectáculo de luz y sonido con efecto «pixel mapping»."
paseo-del-prado,paseo-del-prado_57,MOTIVO NAVIDEÑO,MENINA GIGANTE,57,NO,ANDRES SARDA,centro,cortes,PUNTUAL,0,0,AG OBRAS Y EQUIPAMIENTOS,"Gran Menina de 10 metros de altura, su diseño se basa en un bustier, tontillo y falda iluminados por 37.720 bombillas led, diamantes de plástico, lentejuelas y bolas de color plata. Sardá ha desarrollado su diseño en colaboración con el proyecto Meninas Madrid Gallery del artista Azzato y Madrid Capital de Moda"
alcala-de-puerta-del-sol-a-sevilla,alcala-de-puerta-del-sol-a-sevilla_59,COLGANTES,MACETEROS LUMINOSOS,59,SI,,centro,sol,LINEAL,255,0,AG OBRAS Y EQUIPAMIENTOS,MOTIVO LUMINOSO
alcala-de-sevilla-a-plaza-de-cibeles,alcala-de-sevilla-a-plaza-de-cibeles_60,COLGANTES,MACETEROS LUMINOSOS,60,SI,,centro,cortes,LINEAL,509,0,AG OBRAS Y EQUIPAMIENTOS,MOTIVO LUMINOSO
alcala-45-en-fachada-de-edificio-municipal,alcala-45-en-fachada-de-edificio-municipal_61,MOTIVO NAVIDEÑO,TRES REYES MAGOS DE ORIENTE,61,NO,,centro,justicia,PUNTUAL,0,0,AG OBRAS Y EQUIPAMIENTOS,MOTIVO LUMINOSO
c-campoamor,c-campoamor_62,ARCOS COMPACTOS,ARCOS CON PAÑOS BLANCOS,62,NO,,centro,justicia,LINEAL,228,0,AG OBRAS Y EQUIPAMIENTOS,"PAÑOS BLANCOS DE 3 METROS DE ANCHO POR 1,5 METROS DE ALTURA, CON ILUMINACION POR MEDIO DE CORTINA LEDS DE 1.425 PUNTOS CON UNA POTENCIA DE 125 W"
c-regueros,c-regueros_63,ARCOS COMPACTOS,ARCOS CON PAÑOS BLANCOS,63,NO,,centro,justicia,LINEAL,111,0,AG OBRAS Y EQUIPAMIENTOS,"PAÑOS BLANCOS DE 3 METROS DE ANCHO POR 1,5 METROS DE ALTURA, CON ILUMINACION POR MEDIO DE CORTINA LEDS DE 1.425 PUNTOS CON UNA POTENCIA DE 125 W"
belen,belen_64,ARCOS COMPACTOS,ARCOS CON PAÑOS BLANCOS,64,NO,,centro,justicia,LINEAL,92,0,AG OBRAS Y EQUIPAMIENTOS,"PAÑOS BLANCOS DE 3 METROS DE ANCHO POR 1,5 METROS DE ALTURA, CON ILUMINACION POR MEDIO DE CORTINA LEDS DE 1.425 PUNTOS CON UNA POTENCIA DE 125 W"
barquillo,barquillo_65,ARCOS COMPACTOS,ARCOS CON PAÑOS BLANCOS,65,NO,,centro,justicia,LINEAL,223,0,AG OBRAS Y EQUIPAMIENTOS,"PAÑOS BLANCOS DE 3 METROS DE ANCHO POR 1,5 METROS DE ALTURA, CON ILUMINACION POR MEDIO DE CORTINA LEDS DE 1.425 PUNTOS CON UNA POTENCIA DE 125 W"
argensola,argensola_66,ARCOS COMPACTOS,ARCOS CON PAÑOS BLANCOS,66,NO,,centro,justicia,LINEAL,264,0,AG OBRAS Y EQUIPAMIENTOS,"PAÑOS BLANCOS DE 3 METROS DE ANCHO POR 1,5 METROS DE ALTURA, CON ILUMINACION POR MEDIO DE CORTINA LEDS DE 1.425 PUNTOS CON UNA POTENCIA DE 125 W"
c-fernando-vi-entre-c-argensola-y-c-campoamor,c-fernando-vi-entre-c-argensola-y-c-campoamor_67,ARCOS COMPACTOS,ARCOS CON PAÑOS BLANCOS,67,NO,,centro,justicia,LINEAL,121,0,AG OBRAS Y EQUIPAMIENTOS,"PAÑOS BLANCOS DE 3 METROS DE ANCHO POR 1,5 METROS DE ALTURA, CON ILUMINACION POR MEDIO DE CORTINA LEDS DE 1.425 PUNTOS CON UNA POTENCIA DE 125 W"
c-santa-teresa,c-santa-teresa_68,ARCOS COMPACTOS,ARCOS CON PAÑOS BLANCOS,68,NO,,centro,justicia,LINEAL,206,0,AG OBRAS Y EQUIPAMIENTOS,"PAÑOS BLANCOS DE 3 METROS DE ANCHO POR 1,5 METROS DE ALTURA, CON ILUMINACION POR MEDIO DE CORTINA LEDS DE 1.425 PUNTOS CON UNA POTENCIA DE 125 W"
alcala-entre-pz-de-cibeles-y-puerta-de-alcala,alcala-entre-pz-de-cibeles-y-puerta-de-alcala_72,MOTIVO SINGULAR,CIELO NEVADO,72,SI,BEN BUSCHE,retiro-salamanca,los-jeronimos-recoletos,LINEAL,228,0,AG OBRAS Y EQUIPAMIENTOS,"Como la mayoría de los motivos navideños tradicionales que se inspiran en los fenómenos de la estación invernal, nuestro diseño representa una noche nevada. Un cielo nublado se extiende por la calle Alcalá, y miles de copos caen y brillan bajo la luz."
goya-de-serrano-hasta-general-diaz-porlier,goya-de-serrano-hasta-general-diaz-porlier_73,ARCOS COMPACTOS,GRAN GUIRNALADA EN LINEAS DE JOYERIA CLASICA,73,NO,JUAN DUYOS,salamanca,goya,LINEAL,889,0,AG OBRAS Y EQUIPAMIENTOS,Gran guirnalda compuesta por coloridas bombillas led para la que se ha inspirado en las líneas de la joyería clásica y en la fuerza que transmiten las piedras preciosas.
velazquez-de-alcala-hasta-jose-ortega-y-gasset,velazquez-de-alcala-hasta-jose-ortega-y-gasset_74,ARCOS COMPACTOS,ESTRELLA DE BELEN,74,NO,BEN BUSCHE,salamanca,recoletos,LINEAL,999,0,AG OBRAS Y EQUIPAMIENTOS,"La secuencia de imágenes representa un viaje a la luna, consiste en 31 motivos luminosos distintos que, en su conjunto, funcionan como un folioscopio (cine de pulgar) a escala urbana y de 31 imágenes."
serrano-entre-jorge-juan-y-puerta-de-alcala,serrano-entre-jorge-juan-y-puerta-de-alcala_75,ARCOS COMPACTOS,CONJUNTO DE MODULOS TEMATICOS,75,NO,TERESA SAPEY,salamanca,recoletos,LINEAL,1338,0,AG OBRAS Y EQUIPAMIENTOS,"Combinación de círculos de distintos colores. Las luces van variando, combinándose siete tipos diferentes de las mismas, y formando una secuencia de dibujos que permiten ser vistas desde ambos lados."
cjorge-juan-entre-c-serrano-y-c-velazquez,cjorge-juan-entre-c-serrano-y-c-velazquez_76,ARCOS COMPACTOS,PLANO LUMINOSO Y COLGANTES,76,SI,SAMANTHA VALLEJO NAGERA,salamanca,recoletos,LINEAL,321,0,AG OBRAS Y EQUIPAMIENTOS,“Luz blanca cálida. Nada más. Para mí lo más sencillo es lo más bonito.”
narvaez-de-goya-a-doctor-castelo,narvaez-de-goya-a-doctor-castelo_77,ARCOS COMPACTOS,NEBLINA BLANCA,77,SI,,retiro-salamanca,ibiza,LINEAL,469,0,AG OBRAS Y EQUIPAMIENTOS,"PAÑOS BLANCOS DE 3 METROS DE ANCHO POR 1,5 METROS DE ALTURA, CON ILUMINACION POR MEDIO DE CORTINA LEDS DE 1.425 PUNTOS CON UNA POTENCIA DE 125 W"
puente-de-ventas,puente-de-ventas_78,MOTIVO NAVIDEÑO,TRES REYES MAGOS DE ORIENTE,78,NO,,salamanca-ciudad-lineal,guindalera,PUNTUAL,0,0,AG OBRAS Y EQUIPAMIENTOS,MOTIVO LUMINOSO
puente-juan-bravo,puente-juan-bravo_79,ARCOS COMPACTOS,ENSEÑA NACIONAL,79,NO,DM,salamanca-chamberi,castellana,LINEAL,153,0,AG OBRAS Y EQUIPAMIENTOS,MOTIVO LUMINOSO
puente-raimundo-fernandez-villaverde,puente-raimundo-fernandez-villaverde_80,ARCOS COMPACTOS,ENSEÑA NACIONAL,80,NO,DM,chamartin-tetuan-chamberi,rios-rosas,LINEAL,176,0,AG OBRAS Y EQUIPAMIENTOS,MOTIVO LUMINOSO
lopez-de-hoyos-de-cartagena-a-alfonso-xiii,lopez-de-hoyos-de-cartagena-a-alfonso-xiii_81,ARCOS COMPACTOS,NUBES DE COLORES,81,NO,,chamartin,ciudad-jardin,LINEAL,1008,0,AG OBRAS Y EQUIPAMIENTOS,MOTIVO LUMINOSO
plaza-cuzco,plaza-cuzco_82,CADENETAS,HILOS LUMINOSOS VERTICALES,82,NO,,chamartin-tetuan,hispanoamerica,LINEAL,226,0,AG OBRAS Y EQUIPAMIENTOS,MOTIVO LUMINOSO
plaza-de-lima,plaza-de-lima_83,CADENETAS,HILO LUMINOSO VERTICAL,83,NO,,chamartin-tetuan,el-viso,LINEAL,355,0,AG OBRAS Y EQUIPAMIENTOS,MOTIVO LUMINOSO
bravo-murillo,bravo-murillo_84,ARCOS COMPACTOS,NUBES Y DISCOS DE COLORES,84,SI,,tetuan,cuatro-caminos,LINEAL,972,0,AG OBRAS Y EQUIPAMIENTOS,MOTIVO LUMINOSO
glorieta-de-cuatro-caminos,glorieta-de-cuatro-caminos_85,MOTIVO NAVIDEÑO,FLORES LUMINOSAS,85,NO,,tetuan-chamberi,bellas-vistas,PUNTUAL,0,0,AG OBRAS Y EQUIPAMIENTOS,MOTIVO LUMINOSO
plaza-de-espana,plaza-de-espana_86,MOTIVO NAVIDEÑO,"NACIMIENTO, VARIAS FIGURAS: MISTRIO, PASTORES, REYES Y CAMELLOS",86,NO,,moncloa-aravaca,arguelles,PUNTUAL,0,0,AG OBRAS Y EQUIPAMIENTOS,MOTIVO LUMINOSO
puente-de-toledo-tramo-proximo-a-gta-marques-de-vadillo,puente-de-toledo-tramo-proximo-a-gta-marques-de-vadillo_87,ARCOS COMPACTOS,"ARCOS REGALO, 5 ELEMENTOS",87,NO,,carabanchel,comillas,LINEAL,103,0,AG OBRAS Y EQUIPAMIENTOS,MOTIVO LUMINOSO
princesa-de-alberto-aguilera-a-romero-robledo,princesa-de-alberto-aguilera-a-romero-robledo_88,ARCOS COMPACTOS,MOTIVO DE TARTAN BUFANDA,88,NO,SERGIO SEBASTIAN,chamberi-moncloa-aravaca,arguelles,LINEAL,292,0,AG OBRAS Y EQUIPAMIENTOS,"ARCOS CON MOTIVO TYARTAN BUFANDA DE 12X2M8 METROS CON ILUMINACION DE HILO BLANCO DE 2,41 W/M, CORDONES LUMINUOSOS DE LEDS DE 6,75 W/CORDNO Y METACRILATOS DE COLORES"
puerta-de-san-vicente,puerta-de-san-vicente_89,MOTIVO NAVIDEÑO,BELEN,89,NO,,centro-moncloa-aravaca,casa-de-campo,PUNTUAL,0,0,AG OBRAS Y EQUIPAMIENTOS,MOTIVO LUMINOSO
glorieta-del-emperador-carlos-v,glorieta-del-emperador-carlos-v_90,MOTIVO NAVIDEÑO,CONJUNTO DE 3 RENOS,90,NO,,centro-retiro,embajadores,PUNTUAL,0,3,AG OBRAS Y EQUIPAMIENTOS,MOTIVO LUMINOSO
c-antonio-lopez-entre-glorieta-de-narques-de-vadillo-y-pso-de-santamaria-de-la-cabeza,c-antonio-lopez-entre-glorieta-de-narques-de-vadillo-y-pso-de-santamaria-de-la-cabeza_91,ARCOS COMPACTOS,TRUENO,91,NO,,carabanchel,comillas,LINEAL,858,0,AG OBRAS Y EQUIPAMIENTOS,MOTIVO LUMINOSO
general-ricardos-entre-glorieta-marques-de-vadillo-y-c-el-toboso,general-ricardos-entre-glorieta-marques-de-vadillo-y-c-el-toboso_92,ARCOS COMPACTOS,NEBLINA AZUL,92,NO,,carabanchel,opanel,LINEAL,871,0,AG OBRAS Y EQUIPAMIENTOS,MOTIVO LUMINOSO
c-camino-viejo-de-leganes-entre-c-oporto-y-c-clara-campoamor,c-camino-viejo-de-leganes-entre-c-oporto-y-c-clara-campoamor_93,COLGANTES,CUBOS,93,NO,,carabanchel,abrantes,LINEAL,836,0,AG OBRAS Y EQUIPAMIENTOS,"CUBOS DE COLORES DE 1,3 1,15 O 1,0 METROS DE ARISTA CON CORDONES DE COLORES AZUL, ROSA, VERDE, BLANCO, AMARILLO O ROJO"
c-marcelo-usera-entre-c-almendrales-y-c-rafaela-ybarra,c-marcelo-usera-entre-c-almendrales-y-c-rafaela-ybarra_94,ARCOS COMPACTOS,PAÑOS O NEBLINA,94,NO,,usera,pradolongo,LINEAL,1010,0,AG OBRAS Y EQUIPAMIENTOS,"PAÑOS BLANCOS DE 3 METROS DE ANCHO POR 1,5 METROS DE ALTURA, CON ILUMINACION POR MEDIO DE CORTINA LEDS DE 1.425 PUNTOS CON UNA POTENCIA DE 125 W"
avda-albufera,avda-albufera_95,ARCOS COMPACTOS,POMPAS Y CIRCULOS,95,SI,,puente-de-vallecas,palomeras-bajas,LINEAL,1187,0,AG OBRAS Y EQUIPAMIENTOS,MOTIVO LUMINOSO
c-pedro-laborde-entre-av-albufera-y-c-sierra-salvada,c-pedro-laborde-entre-av-albufera-y-c-sierra-salvada_96,ARCOS COMPACTOS,CORTINA CON ESTERLLAS,96,NO,,puente-de-vallecas,portazgo,LINEAL,508,0,AG OBRAS Y EQUIPAMIENTOS,MOTIVO LUMINOSO
mieres,mieres_97,ARCOS COMPACTOS,TAPICES,97,NO,,san-blas-canillejas,simancas,LINEAL,97,0,AG OBRAS Y EQUIPAMIENTOS,MOTIVO LUMINOSO
c-boltana-entre-c-torre-arias-y-c-san-mariano,c-boltana-entre-c-torre-arias-y-c-san-mariano_98,ARCOS COMPACTOS,CIRCULOS DE COLORES,98,NO,,san-blas-canillejas,canillejas,LINEAL,212,0,AG OBRAS Y EQUIPAMIENTOS,MOTIVO LUMINOSO
plaza-de-colon,plaza-de-colon_99,MOTIVO SINGULAR,BELEN GIGANTE,99,SI,DM,centro-chamberi,justicia,PUNTUAL,0,0,AG OBRAS Y EQUIPAMIENTOS,"Nacimiento gigante de la Plaza de Colón con las siluetas de San José, la Virgen María y el Niño Jesús,  una figura de diez metros de altura iluminada con un total de 20.000 puntos de luz led"
puerta-del-sol,puerta-del-sol_100,ABETO,35 METROS DE ALTURA CON NUEVO DISEÑO,100,SI,DM,centro,sol,PUNTUAL,0,0,AG OBRAS Y EQUIPAMIENTOS,"Diseño del abeto luminoso de la Puerta del Sol, 35 metros de alto y 14 de diámetro en su base y simula un abeto natural gracias a su espumillón verde. Sus luces serán de color blanco y dorado con un total de 240 000 puntos de luces led"
plaza-de-isabel-ii-opera,plaza-de-isabel-ii-opera_101,ABETO,16 METROS DE ALTURA. DISEÑO TUL ROJO,101,NO,BEN BUSCHE,centro,palacio,PUNTUAL,0,0,AG OBRAS Y EQUIPAMIENTOS,MOTIVO LUMINOSO
plaza-mayor,plaza-mayor_102,ABETO,16 METROS DE ALTURA. DISEÑO TUL BLANCO,102,NO,BEN BUSCHE,centro,sol,PUNTUAL,0,0,AG OBRAS Y EQUIPAMIENTOS,MOTIVO LUMINOSO
plaza-de-castilla,plaza-de-castilla_103,ABETO,16 METROS DE ALTURA. DISEÑO CON ANGELES,103,NO,,chamartin-tetuan,nueva-espana,PUNTUAL,0,0,AG OBRAS Y EQUIPAMIENTOS,MOTIVO LUMINOSO
plaza-de-cardenal-cisneros,plaza-de-cardenal-cisneros_104,ABETO,22 METROS DE ALTURA. DISEÑO BAUM HAUS,104,NO,,moncloa-aravaca,ciudad-universitaria,PUNTUAL,0,0,AG OBRAS Y EQUIPAMIENTOS,MOTIVO LUMINOSO
plaza-rodolfo-y-ernesto-halffter-auditorio-nacional-de-musica,plaza-rodolfo-y-ernesto-halffter-auditorio-nacional-de-musica_105,ABETO,22 METROS DE ALTURA. DISEÑO CON CORAZONES,105,NO,TERESA SAPEY,chamartin,ciudad-jardin,PUNTUAL,0,0,AG OBRAS Y EQUIPAMIENTOS,MOTIVO LUMINOSO
red-de-san-luis-montera,red-de-san-luis-montera_106,ABETO,22 METROS DE ALTURA. DISEÑO BLANCO,106,NO,BEN BUSCHE,centro,sol,PUNTUAL,0,0,AG OBRAS Y EQUIPAMIENTOS,MOTIVO LUMINOSO
glorieta-emperador-carlos-v,glorieta-emperador-carlos-v_107,ABETO,22 METROS DE ALTURA. DISEÑO VUELTA AL MUNDO MAGALLANES,107,NO,SERGIO SEBASTIAN,centro-arganzuela,embajadores,PUNTUAL,0,0,AG OBRAS Y EQUIPAMIENTOS,MOTIVO LUMINOSO
plaza-de-san-juan-de-la-cruz,plaza-de-san-juan-de-la-cruz_108,ABETO,22 METROS DE ALTURA. DISEÑO HOJAS HR,108,SI,HELENA ROHNER,chamartin-chamberi,el-viso,PUNTUAL,0,0,AG OBRAS Y EQUIPAMIENTOS,MOTIVO LUMINOSO
plaza-eliptica,plaza-eliptica_109,ABETO,22 METROS DE ALTURA. DISEÑO CON CADENETAS. EN ISLEAT CENTRAL AL LADO DE LA FUENTE,109,NO,,carabanchel-usera,moscardo,PUNTUAL,0,0,AG OBRAS Y EQUIPAMIENTOS,MOTIVO LUMINOSO
plaza-del-encuentro,plaza-del-encuentro_110,ABETO,16 METROS DE ALTURA. DISEÑO CON HOJAS,110,NO,,moratalaz,fontarron,PUNTUAL,0,0,AG OBRAS Y EQUIPAMIENTOS,MOTIVO LUMINOSO
casa-del-reloj,casa-del-reloj_111,ABETO,16 METROS DE ALTURA. DISEÑO CON PECES,111,NO,,arganzuela,chopera,PUNTUAL,0,0,AG OBRAS Y EQUIPAMIENTOS,MOTIVO LUMINOSO
paseo-del-prado-entre-glorieta-del-emperador-carlos-v-y-plaza-de-neptuno,paseo-del-prado-entre-glorieta-del-emperador-carlos-v-y-plaza-de-neptuno_112,CADENETAS,,112,NO,,centro-retiro,cortes-los-jeronimos,LINEAL,609,0,AG OBRAS Y EQUIPAMIENTOS,"CADENETAS DE 22 M CON 40 PORTALAMPARAS  DE TIPO BLANCA ESFÉRICA DE 1,5 W CADA UNA DE 15 LEDS CADA 0,5 METROS, POTENCIA POR CADENETA DE 60 W"
paseo-del-prado-de-neptuno-a-cibeles,paseo-del-prado-de-neptuno-a-cibeles_113,CADENETAS,HILO LUMINOSO,113,NO,,centro,cortes,LINEAL,358,0,AG OBRAS Y EQUIPAMIENTOS,MOTIVO LUMINOSO
paseo-de-recoletos-bulevar-de-cibeles-a-colon,paseo-de-recoletos-bulevar-de-cibeles-a-colon_114,CADENETAS,CORDON DE BOMBILLAS,114,NO,,centro-salamanca,justicia-recoletos,LINEAL,575,0,AG OBRAS Y EQUIPAMIENTOS,"CADENETAS DE 22 M CON 40 PORTALAMPARAS  DE TIPO BLANCA ESFÉRICA DE 1,5 W CADA UNA DE 15 LEDS CADA 0,5 METROS, POTENCIA POR CADENETA DE 60 W"
plaza-de-la-lealtad,plaza-de-la-lealtad_115,CADENETAS,"CORDON DE BOMBILLAS. PALACIO DE LA BOLSA, HOTEL RITZ",115,NO,,centro-retiro,cortes-los-jeronimos,LINEAL,256,0,AG OBRAS Y EQUIPAMIENTOS,"CADENETAS DE 22 M CON 40 PORTALAMPARAS  DE TIPO BLANCA ESFÉRICA DE 1,5 W CADA UNA DE 15 LEDS CADA 0,5 METROS, POTENCIA POR CADENETA DE 60 W"
conde-duque-20,conde-duque-20_116,CADENETAS,,116,NO,,centro,universidad,LINEAL,128,0,AG OBRAS Y EQUIPAMIENTOS,"CADENETAS DE 22 M CON 40 PORTALAMPARAS  DE TIPO BLANCA ESFÉRICA DE 1,5 W CADA UNA DE 15 LEDS CADA 0,5 METROS, POTENCIA POR CADENETA DE 60 W"
c-genova-entre-plaza-de-alonso-martinez-y-plaza-de-colon,c-genova-entre-plaza-de-alonso-martinez-y-plaza-de-colon_117,CADENETAS,CORDON DE BOMBILLAS,117,NO,,centro-chamberi,justicia-almagro,LINEAL,380,0,AG OBRAS Y EQUIPAMIENTOS,"CADENETAS DE 22 M CON 40 PORTALAMPARAS  DE TIPO BLANCA ESFÉRICA DE 1,5 W CADA UNA DE 15 LEDS CADA 0,5 METROS, POTENCIA POR CADENETA DE 60 W"
c-sagasta-entre-glorieta-de-alonso-martinez-y-glorieta-de-bilbao,c-sagasta-entre-glorieta-de-alonso-martinez-y-glorieta-de-bilbao_118,CADENETAS,CORDON DE BOMBILLAS,118,NO,,centro-chamberi,justicia-almagro,LINEAL,496,0,AG OBRAS Y EQUIPAMIENTOS,"CADENETAS DE 22 M CON 40 PORTALAMPARAS  DE TIPO BLANCA ESFÉRICA DE 1,5 W CADA UNA DE 15 LEDS CADA 0,5 METROS, POTENCIA POR CADENETA DE 60 W"
glorieta-de-bilbao,glorieta-de-bilbao_119,CADENETAS,,119,NO,,centro-chamberi,justicia-almagro,LINEAL,198,0,AG OBRAS Y EQUIPAMIENTOS,"CADENETAS DE 22 M CON 40 PORTALAMPARAS  DE TIPO BLANCA ESFÉRICA DE 1,5 W CADA UNA DE 15 LEDS CADA 0,5 METROS, POTENCIA POR CADENETA DE 60 W"
carranza,carranza_120,CADENETAS,CORDONES DE BOMBILLAS,120,NO,,centro-chamberi,universidad-trafalgar,LINEAL,243,0,AG OBRAS Y EQUIPAMIENTOS,"CADENETAS DE 22 M CON 40 PORTALAMPARAS  DE TIPO BLANCA ESFÉRICA DE 1,5 W CADA UNA DE 15 LEDS CADA 0,5 METROS, POTENCIA POR CADENETA DE 60 W"
ruiz-jimenez,ruiz-jimenez_121,CADENETAS,CORDONES DE BOMBILLAS,121,NO,,centro-chamberi,universidad,LINEAL,240,0,AG OBRAS Y EQUIPAMIENTOS,"CADENETAS DE 22 M CON 40 PORTALAMPARAS  DE TIPO BLANCA ESFÉRICA DE 1,5 W CADA UNA DE 15 LEDS CADA 0,5 METROS, POTENCIA POR CADENETA DE 60 W"
alberto-aguilera,alberto-aguilera_122,CADENETAS,CORDONES DE BOMBILLAS,122,NO,,centro-chamberi,universidad-arapiles,LINEAL,828,0,AG OBRAS Y EQUIPAMIENTOS,"CADENETAS DE 22 M CON 40 PORTALAMPARAS  DE TIPO BLANCA ESFÉRICA DE 1,5 W CADA UNA DE 15 LEDS CADA 0,5 METROS, POTENCIA POR CADENETA DE 60 W"
c-atocha-entre-gta-del-emperador-carlos-v-y-c-san-eugenio,c-atocha-entre-gta-del-emperador-carlos-v-y-c-san-eugenio_123,CADENETAS,CORDON DE BOMBILLAS,123,NO,,centro,cortes-embajadores,LINEAL,478,0,AG OBRAS Y EQUIPAMIENTOS,"CADENETAS DE 22 M CON 40 PORTALAMPARAS  DE TIPO BLANCA ESFÉRICA DE 1,5 W CADA UNA DE 15 LEDS CADA 0,5 METROS, POTENCIA POR CADENETA DE 60 W"
pza-oriente,pza-oriente_124,CADENETAS,,124,NO,,centro,palacio,LINEAL,297,0,AG OBRAS Y EQUIPAMIENTOS,"CADENETAS DE 22 M CON 40 PORTALAMPARAS  DE TIPO BLANCA ESFÉRICA DE 1,5 W CADA UNA DE 15 LEDS CADA 0,5 METROS, POTENCIA POR CADENETA DE 60 W"
princesa,princesa_125,CADENETAS,CORDONES DE BOMBILLAS,125,NO,,centro-moncloa-aravaca,universidad,LINEAL,763,0,AG OBRAS Y EQUIPAMIENTOS,"CADENETAS DE 22 M CON 40 PORTALAMPARAS  DE TIPO BLANCA ESFÉRICA DE 1,5 W CADA UNA DE 15 LEDS CADA 0,5 METROS, POTENCIA POR CADENETA DE 60 W"
plaza-luca-de-tena,plaza-luca-de-tena_126,CADENETAS,CORDONES DE BOMBILLAS,126,NO,,arganzuela,palos-de-moguer,LINEAL,370,0,AG OBRAS Y EQUIPAMIENTOS,"CADENETAS DE 22 M CON 40 PORTALAMPARAS  DE TIPO BLANCA ESFÉRICA DE 1,5 W CADA UNA DE 15 LEDS CADA 0,5 METROS, POTENCIA POR CADENETA DE 60 W"
plaza-de-legazpi,plaza-de-legazpi_127,CADENETAS,CORDON DE BOMBILLAS,127,NO,,arganzuela,legazpi,LINEAL,184,0,AG OBRAS Y EQUIPAMIENTOS,"CADENETAS DE 22 M CON 40 PORTALAMPARAS  DE TIPO BLANCA ESFÉRICA DE 1,5 W CADA UNA DE 15 LEDS CADA 0,5 METROS, POTENCIA POR CADENETA DE 60 W"
pso-de-la-castellana-pza-castilla-cuzco,pso-de-la-castellana-pza-castilla-cuzco_128,CADENETAS,"DE BOMBILLAS, UN LADO CARRIL CENTRAL Y OTRO CARRIL BUS",128,NO,,chamartin-tetuan,castillejos,LINEAL,668,0,AG OBRAS Y EQUIPAMIENTOS,"CADENETAS DE 22 M CON 40 PORTALAMPARAS  DE TIPO BLANCA ESFÉRICA DE 1,5 W CADA UNA DE 15 LEDS CADA 0,5 METROS, POTENCIA POR CADENETA DE 60 W"
pso-de-la-castellana-entre-plaza-de-lima-y-plaza-de-cuzco,pso-de-la-castellana-entre-plaza-de-lima-y-plaza-de-cuzco_129,CADENETAS,CORDON DE BOMBILLAS,129,NO,,chamartin-tetuan,cuatro-caminos,LINEAL,647,0,AG OBRAS Y EQUIPAMIENTOS,"CADENETAS DE 22 M CON 40 PORTALAMPARAS  DE TIPO BLANCA ESFÉRICA DE 1,5 W CADA UNA DE 15 LEDS CADA 0,5 METROS, POTENCIA POR CADENETA DE 60 W"
pso-de-la-castellanaentre-raimundo-fdez-villaverde-y-plaza-de-lima,pso-de-la-castellanaentre-raimundo-fdez-villaverde-y-plaza-de-lima_130,CADENETAS,CORDON DE BOMBILLAS,130,NO,,chamartin-tetuan,el-viso,LINEAL,590,0,AG OBRAS Y EQUIPAMIENTOS,"CADENETAS DE 22 M CON 40 PORTALAMPARAS  DE TIPO BLANCA ESFÉRICA DE 1,5 W CADA UNA DE 15 LEDS CADA 0,5 METROS, POTENCIA POR CADENETA DE 60 W"
pso-de-la-castellana-entre-raimundo-fdez-villaverde-y-gta-de-emilio-castelar,pso-de-la-castellana-entre-raimundo-fdez-villaverde-y-gta-de-emilio-castelar_131,CADENETAS,CORDON DE BOMBILLAS,131,NO,,salamanca-chamartin-chamberi,castellana,LINEAL,1222,0,AG OBRAS Y EQUIPAMIENTOS,"CADENETAS DE 22 M CON 40 PORTALAMPARAS  DE TIPO BLANCA ESFÉRICA DE 1,5 W CADA UNA DE 15 LEDS CADA 0,5 METROS, POTENCIA POR CADENETA DE 60 W"
pso-de-la-castellana-glorieta-emilio-castelar-colon,pso-de-la-castellana-glorieta-emilio-castelar-colon_132,CADENETAS,CORDON DE BOMBILLAS,132,NO,,salamanca-chamberi,castellana,LINEAL,1017,0,AG OBRAS Y EQUIPAMIENTOS,"CADENETAS DE 22 M CON 40 PORTALAMPARAS  DE TIPO BLANCA ESFÉRICA DE 1,5 W CADA UNA DE 15 LEDS CADA 0,5 METROS, POTENCIA POR CADENETA DE 60 W"
menendez-pelayo-de-odonnell-a-alcalde-sainz-de-baranda,menendez-pelayo-de-odonnell-a-alcalde-sainz-de-baranda_133,CADENETAS,DE BOMBILLAS. SOLO EN LA ACERA DE LAS VIVIENDAS,133,NO,,retiro,los-jeronimos,LINEAL,519,0,AG OBRAS Y EQUIPAMIENTOS,"CADENETAS DE 22 M CON 40 PORTALAMPARAS  DE TIPO BLANCA ESFÉRICA DE 1,5 W CADA UNA DE 15 LEDS CADA 0,5 METROS, POTENCIA POR CADENETA DE 60 W"
ortega-y-gasset-serrano-principe-de-vergara,ortega-y-gasset-serrano-principe-de-vergara_134,CADENETAS,,134,NO,,salamanca,castellana,LINEAL,563,0,AG OBRAS Y EQUIPAMIENTOS,"CADENETAS DE 22 M CON 40 PORTALAMPARAS  DE TIPO BLANCA ESFÉRICA DE 1,5 W CADA UNA DE 15 LEDS CADA 0,5 METROS, POTENCIA POR CADENETA DE 60 W"
jorge-juan-de-velazquez-a-nunez-de-balboa,jorge-juan-de-velazquez-a-nunez-de-balboa_135,CADENETAS,CORDON DE BOMBILLAS,135,NO,,salamanca,recoletos,LINEAL,180,0,AG OBRAS Y EQUIPAMIENTOS,"CADENETAS DE 22 M CON 40 PORTALAMPARAS  DE TIPO BLANCA ESFÉRICA DE 1,5 W CADA UNA DE 15 LEDS CADA 0,5 METROS, POTENCIA POR CADENETA DE 60 W"
alcala-goya-ventas,alcala-goya-ventas_136,CADENETAS,,136,NO,,salamanca,goya,LINEAL,1295,0,AG OBRAS Y EQUIPAMIENTOS,"CADENETAS DE 22 M CON 40 PORTALAMPARAS  DE TIPO BLANCA ESFÉRICA DE 1,5 W CADA UNA DE 15 LEDS CADA 0,5 METROS, POTENCIA POR CADENETA DE 60 W"
plaza-de-manuel-becerra,plaza-de-manuel-becerra_137,CADENETAS,,137,NO,,salamanca,goya,LINEAL,413,0,AG OBRAS Y EQUIPAMIENTOS,"CADENETAS DE 22 M CON 40 PORTALAMPARAS  DE TIPO BLANCA ESFÉRICA DE 1,5 W CADA UNA DE 15 LEDS CADA 0,5 METROS, POTENCIA POR CADENETA DE 60 W"
c-conde-de-penalver-entre-c-goya-y-c-jose-ortega-y-gasset,c-conde-de-penalver-entre-c-goya-y-c-jose-ortega-y-gasset_138,CADENETAS,CORDONDES DE BOMBILLAS,138,NO,,salamanca,goya,LINEAL,539,0,AG OBRAS Y EQUIPAMIENTOS,"CADENETAS DE 22 M CON 40 PORTALAMPARAS  DE TIPO BLANCA ESFÉRICA DE 1,5 W CADA UNA DE 15 LEDS CADA 0,5 METROS, POTENCIA POR CADENETA DE 60 W"
principe-de-vergara-entre-lopez-de-hoyos-y-plaza-de-cataluna,principe-de-vergara-entre-lopez-de-hoyos-y-plaza-de-cataluna_139,CADENETAS,CORDONES DE BOMBILLAS,139,NO,,chamartin,el-viso,LINEAL,765,0,AG OBRAS Y EQUIPAMIENTOS,"CADENETAS DE 22 M CON 40 PORTALAMPARAS  DE TIPO BLANCA ESFÉRICA DE 1,5 W CADA UNA DE 15 LEDS CADA 0,5 METROS, POTENCIA POR CADENETA DE 60 W"
c-orense-entre-c-raimundo-fdez-villavere-y-c-general-peron,c-orense-entre-c-raimundo-fdez-villavere-y-c-general-peron_140,CADENETAS,CORDON DE BOMBILLAS,140,NO,,tetuan,cuatro-caminos,LINEAL,631,0,AG OBRAS Y EQUIPAMIENTOS,"CADENETAS DE 22 M CON 40 PORTALAMPARAS  DE TIPO BLANCA ESFÉRICA DE 1,5 W CADA UNA DE 15 LEDS CADA 0,5 METROS, POTENCIA POR CADENETA DE 60 W"
sor-angela-de-la-cruz,sor-angela-de-la-cruz_141,CADENETAS,CORDON DE BOMBILLAS,141,NO,,tetuan,castillejos,LINEAL,669,0,AG OBRAS Y EQUIPAMIENTOS,"CADENETAS DE 22 M CON 40 PORTALAMPARAS  DE TIPO BLANCA ESFÉRICA DE 1,5 W CADA UNA DE 15 LEDS CADA 0,5 METROS, POTENCIA POR CADENETA DE 60 W"
lope-de-haro-de-bravo-murillo-a-francos-rodriguez,lope-de-haro-de-bravo-murillo-a-francos-rodriguez_142,CADENETAS,,142,NO,,tetuan,bellas-vistas,LINEAL,523,0,AG OBRAS Y EQUIPAMIENTOS,"CADENETAS DE 22 M CON 40 PORTALAMPARAS  DE TIPO BLANCA ESFÉRICA DE 1,5 W CADA UNA DE 15 LEDS CADA 0,5 METROS, POTENCIA POR CADENETA DE 60 W"
c-poeta-joan-maragall-entre-c-general-peron-y-c-sor-angela-de-la-cruz,c-poeta-joan-maragall-entre-c-general-peron-y-c-sor-angela-de-la-cruz_143,CADENETAS,CORDON DE BOMBILLAS,143,NO,,tetuan,cuatro-caminos,LINEAL,741,0,AG OBRAS Y EQUIPAMIENTOS,"CADENETAS DE 22 M CON 40 PORTALAMPARAS  DE TIPO BLANCA ESFÉRICA DE 1,5 W CADA UNA DE 15 LEDS CADA 0,5 METROS, POTENCIA POR CADENETA DE 60 W"
eloy-gonzalo-entre-glorieta-de-quevedo-e-iglesia,eloy-gonzalo-entre-glorieta-de-quevedo-e-iglesia_144,CADENETAS,CORDON DE BOMBILLAS,144,NO,,chamberi,trafalgar,LINEAL,412,0,AG OBRAS Y EQUIPAMIENTOS,"CADENETAS DE 22 M CON 40 PORTALAMPARAS  DE TIPO BLANCA ESFÉRICA DE 1,5 W CADA UNA DE 15 LEDS CADA 0,5 METROS, POTENCIA POR CADENETA DE 60 W"
glorieta-de-quevedo,glorieta-de-quevedo_145,CADENETAS,CORDON DE BOMBILLAS,145,NO,,chamberi,trafalgar,LINEAL,133,0,AG OBRAS Y EQUIPAMIENTOS,"CADENETAS DE 22 M CON 40 PORTALAMPARAS  DE TIPO BLANCA ESFÉRICA DE 1,5 W CADA UNA DE 15 LEDS CADA 0,5 METROS, POTENCIA POR CADENETA DE 60 W"
plaza-de-espana,plaza-de-espana_146,CADENETAS,,146,NO,,centro,palacio,LINEAL,199,0,AG OBRAS Y EQUIPAMIENTOS,"CADENETAS DE 22 M CON 40 PORTALAMPARAS  DE TIPO BLANCA ESFÉRICA DE 1,5 W CADA UNA DE 15 LEDS CADA 0,5 METROS, POTENCIA POR CADENETA DE 60 W"
ferraz,ferraz_147,CADENETAS,,147,NO,,moncloa-aravaca,arguelles,LINEAL,615,0,AG OBRAS Y EQUIPAMIENTOS,"CADENETAS DE 22 M CON 40 PORTALAMPARAS  DE TIPO BLANCA ESFÉRICA DE 1,5 W CADA UNA DE 15 LEDS CADA 0,5 METROS, POTENCIA POR CADENETA DE 60 W"
marques-de-urquijo,marques-de-urquijo_148,CADENETAS,CORDONES DE BOMBILLAS,148,NO,,moncloa-aravaca,arguelles,LINEAL,481,0,AG OBRAS Y EQUIPAMIENTOS,"CADENETAS DE 22 M CON 40 PORTALAMPARAS  DE TIPO BLANCA ESFÉRICA DE 1,5 W CADA UNA DE 15 LEDS CADA 0,5 METROS, POTENCIA POR CADENETA DE 60 W"
paseo-de-la-florida,paseo-de-la-florida_149,CADENETAS,CORDON DE BOMBILLAS,149,NO,,moncloa-aravaca,casa-de-campo,LINEAL,900,0,AG OBRAS Y EQUIPAMIENTOS,"CADENETAS DE 22 M CON 40 PORTALAMPARAS  DE TIPO BLANCA ESFÉRICA DE 1,5 W CADA UNA DE 15 LEDS CADA 0,5 METROS, POTENCIA POR CADENETA DE 60 W"
antonio-machado,antonio-machado_150,CADENETAS,CORDON DE BOMBILLAS,150,NO,,moncloa-aravaca,valdezarza,LINEAL,414,0,AG OBRAS Y EQUIPAMIENTOS,"CADENETAS DE 22 M CON 40 PORTALAMPARAS  DE TIPO BLANCA ESFÉRICA DE 1,5 W CADA UNA DE 15 LEDS CADA 0,5 METROS, POTENCIA POR CADENETA DE 60 W"
baja-de-la-iglesia,baja-de-la-iglesia_151,CADENETAS,"CORDON DE BOMBILLAS, EN LA ACERA DE LA IGLESIA",151,NO,,moncloa-aravaca,aravaca,LINEAL,101,0,AG OBRAS Y EQUIPAMIENTOS,"CADENETAS DE 22 M CON 40 PORTALAMPARAS  DE TIPO BLANCA ESFÉRICA DE 1,5 W CADA UNA DE 15 LEDS CADA 0,5 METROS, POTENCIA POR CADENETA DE 60 W"
avenida-de-la-galaxia,avenida-de-la-galaxia_152,CADENETAS,CORDON DE BOMBILLAS,152,NO,,moncloa-aravaca,aravaca,LINEAL,76,0,AG OBRAS Y EQUIPAMIENTOS,"CADENETAS DE 22 M CON 40 PORTALAMPARAS  DE TIPO BLANCA ESFÉRICA DE 1,5 W CADA UNA DE 15 LEDS CADA 0,5 METROS, POTENCIA POR CADENETA DE 60 W"
cruce-cardenal-herrera-oria,cruce-cardenal-herrera-oria_153,CADENETAS,CORDONES DE BOMBILLAS,153,NO,,fuencarral-el-pardo,valverde,LINEAL,319,0,AG OBRAS Y EQUIPAMIENTOS,"CADENETAS DE 22 M CON 40 PORTALAMPARAS  DE TIPO BLANCA ESFÉRICA DE 1,5 W CADA UNA DE 15 LEDS CADA 0,5 METROS, POTENCIA POR CADENETA DE 60 W"
c-nuria-entre-zona-comercial-y-c-pena-sirio,c-nuria-entre-zona-comercial-y-c-pena-sirio_154,CADENETAS,CORDONES DE BOMBILLAS,154,NO,,fuencarral-el-pardo,mirasierra,LINEAL,344,0,AG OBRAS Y EQUIPAMIENTOS,"CADENETAS DE 22 M CON 40 PORTALAMPARAS  DE TIPO BLANCA ESFÉRICA DE 1,5 W CADA UNA DE 15 LEDS CADA 0,5 METROS, POTENCIA POR CADENETA DE 60 W"
paseo-de-extremadura,paseo-de-extremadura_155,CADENETAS,,155,NO,,latina,puerta-del-angel,LINEAL,1245,0,AG OBRAS Y EQUIPAMIENTOS,"CADENETAS DE 22 M CON 40 PORTALAMPARAS  DE TIPO BLANCA ESFÉRICA DE 1,5 W CADA UNA DE 15 LEDS CADA 0,5 METROS, POTENCIA POR CADENETA DE 60 W"
plaza-de-la-emperatriz,plaza-de-la-emperatriz_156,CADENETAS,,156,NO,,carabanchel,buenavista,LINEAL,149,0,AG OBRAS Y EQUIPAMIENTOS,"CADENETAS DE 22 M CON 40 PORTALAMPARAS  DE TIPO BLANCA ESFÉRICA DE 1,5 W CADA UNA DE 15 LEDS CADA 0,5 METROS, POTENCIA POR CADENETA DE 60 W"
avda-de-la-peseta,avda-de-la-peseta_157,CADENETAS,,157,NO,,carabanchel,buenavista,LINEAL,1634,0,AG OBRAS Y EQUIPAMIENTOS,"CADENETAS DE 22 M CON 40 PORTALAMPARAS  DE TIPO BLANCA ESFÉRICA DE 1,5 W CADA UNA DE 15 LEDS CADA 0,5 METROS, POTENCIA POR CADENETA DE 60 W"
glorieta-de-cadiz,glorieta-de-cadiz_158,CADENETAS,CORDON DE BOMBILLAS,158,NO,,usera,almendrales,LINEAL,134,0,AG OBRAS Y EQUIPAMIENTOS,"CADENETAS DE 22 M CON 40 PORTALAMPARAS  DE TIPO BLANCA ESFÉRICA DE 1,5 W CADA UNA DE 15 LEDS CADA 0,5 METROS, POTENCIA POR CADENETA DE 60 W"
c-rafaela-ybarra-entre-c-marcelo-usera-y-kiosko-parque,c-rafaela-ybarra-entre-c-marcelo-usera-y-kiosko-parque_159,CADENETAS,"CORDNO DE BOMBILLAS, EN  ACERA DEL PARQUE OLOF PALME",159,NO,,usera,zofio,LINEAL,113,0,AG OBRAS Y EQUIPAMIENTOS,"CADENETAS DE 22 M CON 40 PORTALAMPARAS  DE TIPO BLANCA ESFÉRICA DE 1,5 W CADA UNA DE 15 LEDS CADA 0,5 METROS, POTENCIA POR CADENETA DE 60 W"
bulevar-pena-gorbea,bulevar-pena-gorbea_160,CADENETAS,,160,NO,,puente-de-vallecas,san-diego,LINEAL,231,0,AG OBRAS Y EQUIPAMIENTOS,"CADENETAS DE 22 M CON 40 PORTALAMPARAS  DE TIPO BLANCA ESFÉRICA DE 1,5 W CADA UNA DE 15 LEDS CADA 0,5 METROS, POTENCIA POR CADENETA DE 60 W"
c-fuente-carrantona-entre-c-pavones-y-c-encomienda-de-palacios,c-fuente-carrantona-entre-c-pavones-y-c-encomienda-de-palacios_161,CADENETAS,"CORDON DE BOMBILLAS, EN ACERA DE JMD MORATALAZ",161,NO,,moratalaz,pavones,LINEAL,297,0,AG OBRAS Y EQUIPAMIENTOS,"CADENETAS DE 22 M CON 40 PORTALAMPARAS  DE TIPO BLANCA ESFÉRICA DE 1,5 W CADA UNA DE 15 LEDS CADA 0,5 METROS, POTENCIA POR CADENETA DE 60 W"
hacienda-de-pavones-entre-pz-del-encuentro-y-c-corregidor-alonso-de-tobar,hacienda-de-pavones-entre-pz-del-encuentro-y-c-corregidor-alonso-de-tobar_162,CADENETAS,DE BOMBILLAS,162,NO,,moratalaz,fontarron,LINEAL,286,0,AG OBRAS Y EQUIPAMIENTOS,"CADENETAS DE 22 M CON 40 PORTALAMPARAS  DE TIPO BLANCA ESFÉRICA DE 1,5 W CADA UNA DE 15 LEDS CADA 0,5 METROS, POTENCIA POR CADENETA DE 60 W"
avda-de-moratalaz-entre-pz-del-encuentro-y-camino-de-los-vinateros,avda-de-moratalaz-entre-pz-del-encuentro-y-camino-de-los-vinateros_163,CADENETAS,DE BOMBILLAS,163,NO,,moratalaz,vinateros,LINEAL,461,0,AG OBRAS Y EQUIPAMIENTOS,"CADENETAS DE 22 M CON 40 PORTALAMPARAS  DE TIPO BLANCA ESFÉRICA DE 1,5 W CADA UNA DE 15 LEDS CADA 0,5 METROS, POTENCIA POR CADENETA DE 60 W"
avda-inst-libre-de-ensenanza-entre-c-alcala-y-c-vital-aza,avda-inst-libre-de-ensenanza-entre-c-alcala-y-c-vital-aza_164,CADENETAS,"CORDON DE BOMBILLAS, SOLO EN LA ACERA DE LA JUNTA MUNICIPAL",164,NO,,ciudad-lineal,pueblo-nuevo,LINEAL,403,0,AG OBRAS Y EQUIPAMIENTOS,"CADENETAS DE 22 M CON 40 PORTALAMPARAS  DE TIPO BLANCA ESFÉRICA DE 1,5 W CADA UNA DE 15 LEDS CADA 0,5 METROS, POTENCIA POR CADENETA DE 60 W"
c-alcala-entre-c-arturo-soria-y-c-general-aranaz,c-alcala-entre-c-arturo-soria-y-c-general-aranaz_165,CADENETAS,CORDON DE BOMBILLAS,165,NO,,ciudad-lineal,pueblo-nuevo,LINEAL,235,0,AG OBRAS Y EQUIPAMIENTOS,"CADENETAS DE 22 M CON 40 PORTALAMPARAS  DE TIPO BLANCA ESFÉRICA DE 1,5 W CADA UNA DE 15 LEDS CADA 0,5 METROS, POTENCIA POR CADENETA DE 60 W"
c-caleruega-entre-c-arturo-soria-y-c-condado-de-trevino,c-caleruega-entre-c-arturo-soria-y-c-condado-de-trevino_166,CADENETAS,CORDON DE BOMBILLAS,166,NO,,ciudad-lineal,costillares,LINEAL,541,0,AG OBRAS Y EQUIPAMIENTOS,"CADENETAS DE 22 M CON 40 PORTALAMPARAS  DE TIPO BLANCA ESFÉRICA DE 1,5 W CADA UNA DE 15 LEDS CADA 0,5 METROS, POTENCIA POR CADENETA DE 60 W"
carretera-de-canillas,carretera-de-canillas_167,CADENETAS,,167,NO,,hortaleza,canillas,LINEAL,162,0,AG OBRAS Y EQUIPAMIENTOS,"CADENETAS DE 22 M CON 40 PORTALAMPARAS  DE TIPO BLANCA ESFÉRICA DE 1,5 W CADA UNA DE 15 LEDS CADA 0,5 METROS, POTENCIA POR CADENETA DE 60 W"
paseo-alberto-entre-plaza-de-agata-y-c-encarnacion-del-pino,paseo-alberto-entre-plaza-de-agata-y-c-encarnacion-del-pino_168,CADENETAS,,168,NO,,villaverde,villaverde-alto-casco-historico-de-villaverde,LINEAL,262,0,AG OBRAS Y EQUIPAMIENTOS,"CADENETAS DE 22 M CON 40 PORTALAMPARAS  DE TIPO BLANCA ESFÉRICA DE 1,5 W CADA UNA DE 15 LEDS CADA 0,5 METROS, POTENCIA POR CADENETA DE 60 W"
plaza-de-agata,plaza-de-agata_169,CADENETAS,,169,NO,,villaverde,villaverde-alto-casco-historico-de-villaverde,LINEAL,222,0,AG OBRAS Y EQUIPAMIENTOS,"CADENETAS DE 22 M CON 40 PORTALAMPARAS  DE TIPO BLANCA ESFÉRICA DE 1,5 W CADA UNA DE 15 LEDS CADA 0,5 METROS, POTENCIA POR CADENETA DE 60 W"
jmd-villaverde,jmd-villaverde_170,CADENETAS,,170,NO,,villaverde,villaverde-alto-casco-historico-de-villaverde,LINEAL,67,0,AG OBRAS Y EQUIPAMIENTOS,"CADENETAS DE 22 M CON 40 PORTALAMPARAS  DE TIPO BLANCA ESFÉRICA DE 1,5 W CADA UNA DE 15 LEDS CADA 0,5 METROS, POTENCIA POR CADENETA DE 60 W"
pza-de-los-pinazo,pza-de-los-pinazo_171,CADENETAS,,171,NO,,villaverde,san-cristobal,LINEAL,505,0,AG OBRAS Y EQUIPAMIENTOS,"CADENETAS DE 22 M CON 40 PORTALAMPARAS  DE TIPO BLANCA ESFÉRICA DE 1,5 W CADA UNA DE 15 LEDS CADA 0,5 METROS, POTENCIA POR CADENETA DE 60 W"
paseo-federico-garcia-lorca,paseo-federico-garcia-lorca_172,CADENETAS,,172,NO,,villa-de-vallecas,casco-historico-de-vallecas,LINEAL,339,0,AG OBRAS Y EQUIPAMIENTOS,"CADENETAS DE 22 M CON 40 PORTALAMPARAS  DE TIPO BLANCA ESFÉRICA DE 1,5 W CADA UNA DE 15 LEDS CADA 0,5 METROS, POTENCIA POR CADENETA DE 60 W"
c-san-cipriano-entre-c-pico-artilleros-hasta-c-jardin-de-la-duquesa,c-san-cipriano-entre-c-pico-artilleros-hasta-c-jardin-de-la-duquesa_173,CADENETAS,CORDON DE BOMBILLAS,173,NO,,vicalvaro,casco-historico-de-vicalvaro,LINEAL,404,0,AG OBRAS Y EQUIPAMIENTOS,"CADENETAS DE 22 M CON 40 PORTALAMPARAS  DE TIPO BLANCA ESFÉRICA DE 1,5 W CADA UNA DE 15 LEDS CADA 0,5 METROS, POTENCIA POR CADENETA DE 60 W"
plaza-de-don-antonio-de-andres,plaza-de-don-antonio-de-andres_174,CADENETAS,CORDON DE BOMBILLAS. JM DE DISTRTITO,174,NO,,vicalvaro,casco-historico-de-vicalvaro,LINEAL,175,0,AG OBRAS Y EQUIPAMIENTOS,"CADENETAS DE 22 M CON 40 PORTALAMPARAS  DE TIPO BLANCA ESFÉRICA DE 1,5 W CADA UNA DE 15 LEDS CADA 0,5 METROS, POTENCIA POR CADENETA DE 60 W"
fermina-sevillano,fermina-sevillano_175,CADENETAS,,175,NO,,san-blas-canillejas,rejas,LINEAL,181,0,AG OBRAS Y EQUIPAMIENTOS,"CADENETAS DE 22 M CON 40 PORTALAMPARAS  DE TIPO BLANCA ESFÉRICA DE 1,5 W CADA UNA DE 15 LEDS CADA 0,5 METROS, POTENCIA POR CADENETA DE 60 W"
plaza-mayor-de-ciudad-pegaso,plaza-mayor-de-ciudad-pegaso_176,CADENETAS,,176,NO,,san-blas-canillejas,rejas,LINEAL,142,0,AG OBRAS Y EQUIPAMIENTOS,"CADENETAS DE 22 M CON 40 PORTALAMPARAS  DE TIPO BLANCA ESFÉRICA DE 1,5 W CADA UNA DE 15 LEDS CADA 0,5 METROS, POTENCIA POR CADENETA DE 60 W"
nectar,nectar_177,CADENETAS,,177,NO,,san-blas-canillejas,canillejas,LINEAL,452,0,AG OBRAS Y EQUIPAMIENTOS,"CADENETAS DE 22 M CON 40 PORTALAMPARAS  DE TIPO BLANCA ESFÉRICA DE 1,5 W CADA UNA DE 15 LEDS CADA 0,5 METROS, POTENCIA POR CADENETA DE 60 W"
inventores,inventores_178,CADENETAS,,178,NO,,san-blas-canillejas,hellin,LINEAL,54,0,AG OBRAS Y EQUIPAMIENTOS,"CADENETAS DE 22 M CON 40 PORTALAMPARAS  DE TIPO BLANCA ESFÉRICA DE 1,5 W CADA UNA DE 15 LEDS CADA 0,5 METROS, POTENCIA POR CADENETA DE 60 W"
c-boltana-entre-c-cartago-y-c-barbastro,c-boltana-entre-c-cartago-y-c-barbastro_179,CADENETAS,"CORDON DE BOMBILLAS, SOLO EN LA ACERA DE LOS ARBOLES",179,NO,,san-blas-canillejas,canillejas,LINEAL,181,0,AG OBRAS Y EQUIPAMIENTOS,"CADENETAS DE 22 M CON 40 PORTALAMPARAS  DE TIPO BLANCA ESFÉRICA DE 1,5 W CADA UNA DE 15 LEDS CADA 0,5 METROS, POTENCIA POR CADENETA DE 60 W"
calle-amposta,calle-amposta_180,CADENETAS,,180,NO,,san-blas-canillejas,amposta,LINEAL,255,0,AG OBRAS Y EQUIPAMIENTOS,"CADENETAS DE 22 M CON 40 PORTALAMPARAS  DE TIPO BLANCA ESFÉRICA DE 1,5 W CADA UNA DE 15 LEDS CADA 0,5 METROS, POTENCIA POR CADENETA DE 60 W"
medina-de-pomar,medina-de-pomar_181,CADENETAS,,181,NO,,barajas,aeropuerto,LINEAL,142,0,AG OBRAS Y EQUIPAMIENTOS,"CADENETAS DE 22 M CON 40 PORTALAMPARAS  DE TIPO BLANCA ESFÉRICA DE 1,5 W CADA UNA DE 15 LEDS CADA 0,5 METROS, POTENCIA POR CADENETA DE 60 W"
plaza-de-los-hermanos-falco-y-alvarez-de-toledo,plaza-de-los-hermanos-falco-y-alvarez-de-toledo_182,CADENETAS,CORDON DE BOMBILLAS,182,NO,,barajas,casco-historico-de-barajas,LINEAL,217,0,AG OBRAS Y EQUIPAMIENTOS,"CADENETAS DE 22 M CON 40 PORTALAMPARAS  DE TIPO BLANCA ESFÉRICA DE 1,5 W CADA UNA DE 15 LEDS CADA 0,5 METROS, POTENCIA POR CADENETA DE 60 W"
pza-del-navio,pza-del-navio_183,CADENETAS,,183,NO,,barajas,alameda-de-osuna,LINEAL,99,0,AG OBRAS Y EQUIPAMIENTOS,"CADENETAS DE 22 M CON 40 PORTALAMPARAS  DE TIPO BLANCA ESFÉRICA DE 1,5 W CADA UNA DE 15 LEDS CADA 0,5 METROS, POTENCIA POR CADENETA DE 60 W"
avda-logrono-entre-plaza-de-los-pajarones-hasta-c-algemesi,avda-logrono-entre-plaza-de-los-pajarones-hasta-c-algemesi_184,CADENETAS,CORDON DE BOMBILLAS,184,NO,,barajas,casco-historico-de-barajas,LINEAL,325,0,AG OBRAS Y EQUIPAMIENTOS,"CADENETAS DE 22 M CON 40 PORTALAMPARAS  DE TIPO BLANCA ESFÉRICA DE 1,5 W CADA UNA DE 15 LEDS CADA 0,5 METROS, POTENCIA POR CADENETA DE 60 W"
glorieta-del-emperador-carlos-v,glorieta-del-emperador-carlos-v_185,CEREZOS,"9 CEREZOS, 6 COLOR PLATA Y 3 COLOR CHAMPAN",185,NO,,centro-retiro,los-jeronimos,PUNTUAL,0,0,AG OBRAS Y EQUIPAMIENTOS,MOTIVO LUMINOSO
glnorieta-ruiz-jimenez,glnorieta-ruiz-jimenez_187,CEREZOS,,187,NO,,centro-chamberi,universidad,PUNTUAL,0,0,AG OBRAS Y EQUIPAMIENTOS,MOTIVO LUMINOSO
plaza-de-alonso-martinez,plaza-de-alonso-martinez_188,CEREZOS,"3 CEREZOS, DOS PLATA Y UNO CHAMPAN, EN ISLETA CENTRAL",188,NO,,centro-chamberi,trafalgar,PUNTUAL,0,0,AG OBRAS Y EQUIPAMIENTOS,MOTIVO LUMINOSO
plaza-de-la-cortes,plaza-de-la-cortes_189,CEREZOS,CONGRESO DE LOS DIPUTADOS - 3 CEREZOS,189,NO,,centro,cortes,PUNTUAL,0,3,AG OBRAS Y EQUIPAMIENTOS,MOTIVO LUMINOSO
plaza-de-lavapies,plaza-de-lavapies_191,CEREZOS,"2 CEREZOS, COLOR PLATA Y CHAMPAN",191,NO,,centro,embajadores,PUNTUAL,0,2,AG OBRAS Y EQUIPAMIENTOS,MOTIVO LUMINOSO
plaza-de-la-remonta,plaza-de-la-remonta_192,CEREZOS,,192,NO,,,,PUNTUAL,0,0,AG OBRAS Y EQUIPAMIENTOS,MOTIVO LUMINOSO
plaza-de-legazpi,plaza-de-legazpi_193,CEREZOS,"3 CEREZOS, COLORES AZUL, PLATA Y CHAMPAN, EN ISLETA CENTRAL",193,NO,,arganzuela,legazpi,PUNTUAL,0,0,AG OBRAS Y EQUIPAMIENTOS,MOTIVO LUMINOSO
matadero,matadero_194,CEREZOS,"4 CEREZOS, COLOR 2 PLATA Y 2 CHAMPAN",194,NO,,arganzuela,chopera,PUNTUAL,0,0,AG OBRAS Y EQUIPAMIENTOS,MOTIVO LUMINOSO
av-ciudad-de-barcelona,av-ciudad-de-barcelona_195,CEREZOS,JM DE RETIRO,195,NO,,retiro,pacifico,PUNTUAL,0,0,AG OBRAS Y EQUIPAMIENTOS,MOTIVO LUMINOSO
montalban,montalban_196,CEREZOS,PUERTA DEL AYUNTAMEINTO,196,NO,,retiro,los-jeronimos,PUNTUAL,0,0,AG OBRAS Y EQUIPAMIENTOS,MOTIVO LUMINOSO
paseo-marques-de-zafra,paseo-marques-de-zafra_197,CEREZOS,,197,NO,,salamanca,fuente-del-berro,PUNTUAL,0,0,AG OBRAS Y EQUIPAMIENTOS,MOTIVO LUMINOSO
glorieta-emilio-castelar,glorieta-emilio-castelar_198,CEREZOS,"3 CEREZOS, 2 COLOR AZUL Y 1 PLATA. EN ISLETA CENTRAL",198,NO,,salamanca-chamberi,almagro,PUNTUAL,0,0,AG OBRAS Y EQUIPAMIENTOS,MOTIVO LUMINOSO
plaza-marques-de-salamanaca,plaza-marques-de-salamanaca_199,CEREZOS,,199,NO,,salamanca,castellana,PUNTUAL,0,0,AG OBRAS Y EQUIPAMIENTOS,MOTIVO LUMINOSO
principe-de-vergara,principe-de-vergara_200,CEREZOS,2 CEREZOS. PLATA Y CHAMPAN. JUNTA MUNICIPAL DE CHAMARTIN,200,NO,,chamartin,ciudad-jardin,PUNTUAL,0,0,AG OBRAS Y EQUIPAMIENTOS,MOTIVO LUMINOSO
glorieta-de-lopes-de-hoyos,glorieta-de-lopes-de-hoyos_201,CEREZOS,4 CEREZOS. 3 AZULES Y 1 CHAMPAN,201,NO,,chamartin,el-viso,PUNTUAL,0,0,AG OBRAS Y EQUIPAMIENTOS,MOTIVO LUMINOSO
plaza-de-chamberi-junta-municipal,plaza-de-chamberi-junta-municipal_203,CEREZOS,1 CEREZO. COLOR PLATA,203,NO,,chamberi,almagro,PUNTUAL,0,0,AG OBRAS Y EQUIPAMIENTOS,MOTIVO LUMINOSO
glorieta-de-ruben-dario,glorieta-de-ruben-dario_204,CEREZOS,,204,NO,,chamberi,almagro,PUNTUAL,0,0,AG OBRAS Y EQUIPAMIENTOS,MOTIVO LUMINOSO
glorieta-de-quevedo,glorieta-de-quevedo_205,CEREZOS,"3 CEREZOS AZULES,.EN ISLETA CENTRAL",205,NO,,chamberi,trafalgar,PUNTUAL,0,0,AG OBRAS Y EQUIPAMIENTOS,MOTIVO LUMINOSO
plaza-de-moncloa,plaza-de-moncloa_206,CEREZOS,JM DE MONCLOA-ARAVACA,206,NO,,moncloa-aravaca,arguelles,PUNTUAL,0,0,AG OBRAS Y EQUIPAMIENTOS,MOTIVO LUMINOSO
av-osa-mayor,av-osa-mayor_207,CEREZOS,"2 CEREZOS, COLOR PLATA Y CHAMPAN",207,NO,,moncloa-aravaca,aravaca,PUNTUAL,0,0,AG OBRAS Y EQUIPAMIENTOS,MOTIVO LUMINOSO
plaza-del-pardo,plaza-del-pardo_208,CEREZOS,,208,NO,,fuencarral-el-pardo,el-pardo,PUNTUAL,0,0,AG OBRAS Y EQUIPAMIENTOS,MOTIVO LUMINOSO
av-camino-de-santiago-con-av-santo-domingo-de-la-calzada-metro-las-tablas,av-camino-de-santiago-con-av-santo-domingo-de-la-calzada-metro-las-tablas_209,CEREZOS,"DOS CEREZOS, COLOR PLATA",209,NO,,fuencarral-el-pardo,valverde,PUNTUAL,0,0,AG OBRAS Y EQUIPAMIENTOS,MOTIVO LUMINOSO
av-aguilas-2,av-aguilas-2_210,CEREZOS,JM DE LATINA,210,NO,,latina,aguilas,PUNTUAL,0,0,AG OBRAS Y EQUIPAMIENTOS,MOTIVO LUMINOSO
plaza-de-carabanchel,plaza-de-carabanchel_211,CEREZOS,,211,NO,,carabanchel,puerta-bonita,PUNTUAL,0,0,AG OBRAS Y EQUIPAMIENTOS,MOTIVO LUMINOSO
oporto-con-camino-viejo-de-leganes,oporto-con-camino-viejo-de-leganes_212,CEREZOS,"2 CEREZOS, AZUL Y CHAMPAN",212,NO,,carabanchel,puerta-bonita,PUNTUAL,0,0,AG OBRAS Y EQUIPAMIENTOS,MOTIVO LUMINOSO
glorieta-de-marques-de-vadillo,glorieta-de-marques-de-vadillo_213,CEREZOS,"2 CEREZOS, COLOR AZUL Y CHAMPAN",213,NO,,carabanchel,san-isidro,PUNTUAL,0,0,AG OBRAS Y EQUIPAMIENTOS,MOTIVO LUMINOSO
av-rafaela-ybarra,av-rafaela-ybarra_214,CEREZOS,2 CEREZOS. JM DE USERA,214,NO,,usera,pradolongo,PUNTUAL,0,0,AG OBRAS Y EQUIPAMIENTOS,MOTIVO LUMINOSO
acceso-principal-al-hospital-12-de-octubre,acceso-principal-al-hospital-12-de-octubre_215,CEREZOS,"2 CEREZOS, COLOR PLATA Y CHAMPAN",215,NO,,usera,orcasur,PUNTUAL,0,0,AG OBRAS Y EQUIPAMIENTOS,MOTIVO LUMINOSO
avda-albufera-con-av-buenos-aires,avda-albufera-con-av-buenos-aires_216,CEREZOS,"2 CEREZOS, COLOR PLATA Y CHAMPAN",216,NO,,puente-de-vallecas,portazgo,PUNTUAL,0,0,AG OBRAS Y EQUIPAMIENTOS,MOTIVO LUMINOSO
c-fuente-carrantona-junta-municipal,c-fuente-carrantona-junta-municipal_217,CEREZOS,"2 CEREZOS, COLOR PLATA",217,NO,,moratalaz,pavones,PUNTUAL,0,0,AG OBRAS Y EQUIPAMIENTOS,MOTIVO LUMINOSO
plaza-corregidor-alonso-de-tobar,plaza-corregidor-alonso-de-tobar_218,CEREZOS,"2 CEREZOS A CADA LADO DE LA AV DE MORATALAZ, COLOR PLATA Y CHAMPAN",218,NO,,moratalaz,vinateros,PUNTUAL,0,0,AG OBRAS Y EQUIPAMIENTOS,MOTIVO LUMINOSO
ascao-3,ascao-3_219,CEREZOS,2 CEREZOS COLO PLATA Y AZUL. DONDE CENTRO DE MAYORES,219,NO,,ciudad-lineal,pueblo-nuevo,PUNTUAL,0,0,AG OBRAS Y EQUIPAMIENTOS,MOTIVO LUMINOSO
arturo-soria-101-centro-comercial,arturo-soria-101-centro-comercial_220,CEREZOS,,220,NO,,ciudad-lineal,san-juan-bautista,PUNTUAL,0,0,AG OBRAS Y EQUIPAMIENTOS,MOTIVO LUMINOSO
gta-de-sandro-pertini,gta-de-sandro-pertini_221,CEREZOS,,221,NO,,hortaleza,canillas,PUNTUAL,0,0,AG OBRAS Y EQUIPAMIENTOS,MOTIVO LUMINOSO
sanchinarro-inmediaciones-estacion-metro-blasco-ibanez,sanchinarro-inmediaciones-estacion-metro-blasco-ibanez_222,CEREZOS,,222,NO,,hortaleza,valdefuentes,PUNTUAL,0,0,AG OBRAS Y EQUIPAMIENTOS,MOTIVO LUMINOSO
jmd-villaverde,jmd-villaverde_223,CEREZOS,"2 CEREZOS, COLOR PLATA Y CHAMPAN",223,NO,,villaverde,villaverde-alto-casco-historico-de-villaverde,PUNTUAL,0,0,AG OBRAS Y EQUIPAMIENTOS,MOTIVO LUMINOSO
jmd-villa-vallecas_paseo-federico-garcia-lorca,jmd-villa-vallecas_paseo-federico-garcia-lorca_224,CEREZOS,,224,NO,,villa-de-vallecas,casco-historico-de-vallecas,PUNTUAL,0,0,AG OBRAS Y EQUIPAMIENTOS,MOTIVO LUMINOSO
san-cipriano,san-cipriano_225,CEREZOS,"2 CEREZOS, JUNTA MUNICIPAL",225,NO,,vicalvaro,casco-historico-de-vicalvaro,PUNTUAL,0,0,AG OBRAS Y EQUIPAMIENTOS,MOTIVO LUMINOSO
c-minerva-con-c-aurora-boreal,c-minerva-con-c-aurora-boreal_226,CEREZOS,"2 CEREZOS, COLOR PLATA Y CHAMPAN",226,NO,,vicalvaro,valderrivas,PUNTUAL,0,0,AG OBRAS Y EQUIPAMIENTOS,MOTIVO LUMINOSO
bulevar-indalecio-prieto,bulevar-indalecio-prieto_227,CEREZOS,,227,NO,,vicalvaro,valdebernardo,PUNTUAL,0,0,AG OBRAS Y EQUIPAMIENTOS,MOTIVO LUMINOSO
avenida-miguel-delibes-mario-moreno-cantinflas,avenida-miguel-delibes-mario-moreno-cantinflas_228,CEREZOS,,228,NO,,vicalvaro,el-canaveral,PUNTUAL,0,0,AG OBRAS Y EQUIPAMIENTOS,MOTIVO LUMINOSO
plaza-de-la-villa-de-canillejas,plaza-de-la-villa-de-canillejas_229,CEREZOS,"2 CEREZOS, UNO COLOR CHAMPAN Y OTRO COLOR ORO",229,NO,,san-blas-canillejas,canillejas,PUNTUAL,0,0,AG OBRAS Y EQUIPAMIENTOS,MOTIVO LUMINOSO
plaza-mayor-de-ciudad-pegaso,plaza-mayor-de-ciudad-pegaso_230,CEREZOS,,230,NO,,san-blas-canillejas,rejas,PUNTUAL,0,0,AG OBRAS Y EQUIPAMIENTOS,MOTIVO LUMINOSO
av-arcentales,av-arcentales_231,CEREZOS,JM DE SAN BLAS-CANILLEJAS,231,NO,,san-blas-canillejas,rosas,PUNTUAL,0,0,AG OBRAS Y EQUIPAMIENTOS,MOTIVO LUMINOSO
glorieta-de-la-ermita-de-la-virgen-de-la-soledad,glorieta-de-la-ermita-de-la-virgen-de-la-soledad_232,CEREZOS,"2 CEREZOS, UNO COLOR PLATA Y OTRO COLOR CHAMPAN. EN LA ZONA ESTANCIAL DE LA ISLETA",232,NO,,barajas,aeropuerto,PUNTUAL,0,0,AG OBRAS Y EQUIPAMIENTOS,MOTIVO LUMINOSO
madrid-rio-glorieta-de-san-vicente,madrid-rio-glorieta-de-san-vicente_233,ABETO,35 METROS DE ALTURA. DISEÑO CON TRIANGULOS -,233,NO,DEVOTA & LOMBA,centro-moncloa-aravaca,palacio,PUNTUAL,0,0,AG OBRAS Y EQUIPAMIENTOS,"La geometría y la papiroflexia son protagonistas de este diseño, señas de identidad de la marca dirigida por Modesto Lomba. Muchas texturas para que parezca un abeto de verdad y metacrilato que simula la nieve"
plaza-de-espana,plaza-de-espana_234,ABETO,ABETO NATURAL,234,NO,DM,moncloa-aravaca,arguelles,PUNTUAL,0,0,AG OBRAS Y EQUIPAMIENTOS,"Gran abeto natural de 19 metros de altura, adornado con 800 bolas y 200 caramelos"
parque-del-retiro-av-de-mejico,parque-del-retiro-av-de-mejico_235,CEREZOS,4 CEREZOS,235,NO,,retiro,los-jeronimos,PUNTUAL,0,4,AG OBRAS Y EQUIPAMIENTOS,MOTIVO LUMINOSO
parque-del-retiro-perimetro-estanque,parque-del-retiro-perimetro-estanque_236,CEREZOS,,236,NO,,retiro,los-jeronimos,PUNTUAL,0,0,AG OBRAS Y EQUIPAMIENTOS,MOTIVO LUMINOSO
parque-del-retiro-perimetro-estanque,parque-del-retiro-perimetro-estanque_237,CEREZOS,6 CEREZOS. ZONA TRASERA DEL MONUMENTO,237,NO,,retiro,los-jeronimos,PUNTUAL,0,0,AG OBRAS Y EQUIPAMIENTOS,MOTIVO LUMINOSO
parque-del-retiro-perimetro-estanque,parque-del-retiro-perimetro-estanque_238,CEREZOS,,238,NO,,retiro,los-jeronimos,PUNTUAL,0,0,AG OBRAS Y EQUIPAMIENTOS,MOTIVO LUMINOSO
parque-del-retiro-perimetro-estanque,parque-del-retiro-perimetro-estanque_239,CEREZOS,"4 CEREZOS, COLOR 2 BLANCO Y 2 MORADO",239,NO,,retiro,los-jeronimos,PUNTUAL,0,0,AG OBRAS Y EQUIPAMIENTOS,MOTIVO LUMINOSO
parque-del-retiro-paseo-argentina,parque-del-retiro-paseo-argentina_240,CADENETAS,CADENETAS BOMBILLAS COLOR ROJO,240,NO,,retiro,los-jeronimos,LINEAL,585,0,AG OBRAS Y EQUIPAMIENTOS,"CADENETAS DE 22 M CON 40 PORTALAMPARAS  DE TIPO BLANCA ESFÉRICA DE 1,5 W CADA UNA DE 15 LEDS CADA 0,5 METROS, POTENCIA POR CADENETA DE 60 W"
parque-del-retiro-av-de-mejico,parque-del-retiro-av-de-mejico_242,CADENETAS,ARBOLES CON CORDON LUMINOSO DE COLOR ROJO,242,NO,,retiro,los-jeronimos,LINEAL,328,0,AG OBRAS Y EQUIPAMIENTOS,"CADENETAS DE 22 M CON 40 PORTALAMPARAS  DE TIPO BLANCA ESFÉRICA DE 1,5 W CADA UNA DE 15 LEDS CADA 0,5 METROS, POTENCIA POR CADENETA DE 60 W"
parque-del-retiro-puerta-de-espana,parque-del-retiro-puerta-de-espana_244,MOTIVO NAVIDEÑO,BELEN,244,NO,,retiro,los-jeronimos,PUNTUAL,0,0,AG OBRAS Y EQUIPAMIENTOS,MOTIVO LUMINOSO
fuente-de-cibeles,fuente-de-cibeles_245,MOTIVO NAVIDEÑO,ILUMINACION BANDERA DE ESPAÑA,245,NO,,centro-retiro-salamanca,los-jeronimos,LINEAL,0,0,AG OBRAS Y EQUIPAMIENTOS,MOTIVO LUMINOSO
fuente-de-neptuno,fuente-de-neptuno_246,MOTIVO NAVIDEÑO,ILUMINACION BANDERA DE ESPAÑA,246,NO,,centro,cortes,LINEAL,0,0,AG OBRAS Y EQUIPAMIENTOS,MOTIVO LUMINOSO
entrada-plaza-mayor-por-c-7-de-julio,entrada-plaza-mayor-por-c-7-de-julio_247,MOTIVO NAVIDEÑO,NACIMIENTO,247,NO,BEN BUSCHE,centro,sol,PUNTUAL,0,0,AG OBRAS Y EQUIPAMIENTOS,MOTIVO LUMINOSO
entrada-plaza-mayor-por-c-felipe-iii,entrada-plaza-mayor-por-c-felipe-iii_248,MOTIVO NAVIDEÑO,NACIMIENTO,248,NO,BEN BUSCHE,centro,sol,PUNTUAL,0,0,AG OBRAS Y EQUIPAMIENTOS,MOTIVO LUMINOSO
entrada-plaza-mayor-por-c-sal,entrada-plaza-mayor-por-c-sal_249,MOTIVO NAVIDEÑO,NACIMIENTO,249,NO,BEN BUSCHE,centro,sol,PUNTUAL,0,0,AG OBRAS Y EQUIPAMIENTOS,MOTIVO LUMINOSO
entrada-plaza-mayor-por-c-gerona,entrada-plaza-mayor-por-c-gerona_251,MOTIVO NAVIDEÑO,NACIMIENTO,251,NO,BEN BUSCHE,centro,sol,PUNTUAL,0,0,AG OBRAS Y EQUIPAMIENTOS,MOTIVO LUMINOSO
entrada-plaza-mayor-por-c-toledo,entrada-plaza-mayor-por-c-toledo_252,MOTIVO NAVIDEÑO,NACIMIENTO,252,NO,BEN BUSCHE,centro,sol,PUNTUAL,0,0,AG OBRAS Y EQUIPAMIENTOS,MOTIVO LUMINOSO
paseo-del-prado-de-cibeles-a-neptuno,paseo-del-prado-de-cibeles-a-neptuno_253,CADENETAS,CORDON DE BOMBILLAS,253,NO,,centro-retiro,cortes-los-jeronimos,LINEAL,373,0,AG OBRAS Y EQUIPAMIENTOS,"CADENETAS DE 22 M CON 40 PORTALAMPARAS  DE TIPO BLANCA ESFÉRICA DE 1,5 W CADA UNA DE 15 LEDS CADA 0,5 METROS, POTENCIA POR CADENETA DE 60 W"
paseo-del-prado-entre-plaza-de-neptuno-y-glorieta-del-emperador-carlos-v,paseo-del-prado-entre-plaza-de-neptuno-y-glorieta-del-emperador-carlos-v_254,CADENETAS,"CORDON DE BOMBILLAS, EN EL LADO DEL ARBOLADO DEL BULEVAR CENTRAL",254,NO,,centro-retiro,cortes-los-jeronimos,LINEAL,606,0,AG OBRAS Y EQUIPAMIENTOS,"CADENETAS DE 22 M CON 40 PORTALAMPARAS  DE TIPO BLANCA ESFÉRICA DE 1,5 W CADA UNA DE 15 LEDS CADA 0,5 METROS, POTENCIA POR CADENETA DE 60 W"
paseo-de-recoletos-calzada-de-cibeles-a-colon,paseo-de-recoletos-calzada-de-cibeles-a-colon_255,CADENETAS,HILO LUMINOSO,255,NO,,centro-retiro,cortes-los-jeronimos,LINEAL,562,0,AG OBRAS Y EQUIPAMIENTOS,MOTIVO LUMINOSO
parque-del-retiro-perimetro-estanque,parque-del-retiro-perimetro-estanque_257,CEREZOS,"16 CEREZOS, VARIOS COLORES",257,NO,,retiro,los-jeronimos,PUNTUAL,0,4,AG OBRAS Y EQUIPAMIENTOS,MOTIVO LUMINOSO
