OID_,DISTRITO,BARRIO,UBICACIÓN,DIRECCIÓN COMPLETA,LATITUD,LONGITUD,EMPLAZAMIENTO,Nº_EQUIPOS,CARACTERÍSTICAS_EQUIPO,POTENCIA_MAX,OPERADOR,GESTIÓN
3730,Arganzuela,Palos de Moguer,Ronda de Valencia 1,"Ronda de Valencia 1, Madrid",40.4057204,-3.6995075,Vía pública,1,50 kW 2 conectores CC (CCS/Chademo) y 1 conector AC modo 2 Mennekes,50 kW,GIC,Convenio vía pública
3731,Retiro,Adelfas,Calle Cerro de la Plata 4,"Calle Cerro de la Plata 4, Madrid",40.40014545,-3.6752149432657397,Vía pública,1,50 kW 2 conectores CC (CCS/Chademo) y 1 conector AC modo 2 Mennekes,50 kW,GIC,Convenio vía pública
3732,Retiro,Jerónimos,"Calle Alfonso XII, 2","Calle Alfonso XII, 2, Madrid",40.4192082,-3.6888851,Vía pública,1,50 kW 2 conectores CC (CCS/Chademo) y 1 conector AC modo 2 Mennekes,50 kW,REPSOL,Convenio vía pública
3733,Salamanca,Recoletos,Calle Goya 36,"Calle Goya 36, Madrid",40.4249657,-3.6810768,Vía pública,1,50 kW 2 conectores CC (CCS/Chademo) y 1 conector AC modo 2 Mennekes,50 kW,GIC,Convenio vía pública
3734,Salamanca,Goya,Calle Goya 123,"Calle Goya 123, Madrid",40.4246541,-3.6712666,Vía pública,1,50 kW 2 conectores CC (CCS/Chademo) y 1 conector AC modo 2 Mennekes,50 kW,REPSOL,Convenio vía pública
3735,Salamanca,Castellana,Calle Castelló 105,"Calle Castelló 105, Madrid",40.4350772,-3.6807422,Vía pública,1,50 kW 2 conectores CC (CCS/Chademo) y 1 conector AC modo 2 Mennekes,50 kW,GIC,Convenio vía pública
3736,Salamanca,Guindalera,"Plaza de San Cayetano, s/n","Plaza de San Cayetano, s/n, Madrid",40.43409345,-3.6706180484282145,Mercado municipal,1,50 kW 2 conectores CC (CCS/Chademo) y 1 conector AC modo 2 Mennekes,50 kW,ENDESA,Convenio cesión
3737,Latina,Cuatro Vientos,"Calle Sinfonia, 9","Calle Sinfonia, 9 , Madrid",40.37308233715542,-3.7722504853189975,Estación de servicio,1,50 kW 2 conectores CC (CCS/Chademo) y 1 conector AC modo 2 Mennekes,50 kW,IBERDROLA,Convenio cesión
3738,Vicálvaro,Valdebernardo,"Bulevar José Prat, 27A","Bulevar José Prat, 27A, Madrid",40.39767155,-3.6207708500000013,Vía pública,3,"2 equipos 100 kW CCS Combo, y 1 equipo 50 kW CCS/Chademo + 1 conector 22kW AC modo 2.",100 kW,IBERDROLA,Concesión demanial
3739,Chamartín,Hispanoamérica,"Avenida Alfonso XIII, 130","Avenida Alfonso XIII, 130, Madrid",40.4588374,-3.667204,Estación de servicio,1,50 kW 2 conectores CC (CCS/Chademo) y 1 conector AC modo 2 Mennekes,50 kW,REPSOL,Convenio cesión
3740,Salamanca,Castellana,Calle Velázquez 74,"Calle Velázquez 74, Madrid",40.4292455,-3.683721,Vía pública,1,50 kW 2 conectores CC (CCS/Chademo) y 1 conector AC modo 2 Mennekes,50 kW,REPSOL,Convenio vía pública
3741,Salamanca,Castellana,Paseo Castellana 52,"Paseo Castellana 52, Madrid",40.4356993,-3.6882216,Vía pública,1,50 kW 2 conectores CC (CCS/Chademo) y 1 conector AC modo 2 Mennekes,50 kW,REPSOL,Convenio vía pública
3742,Chamartín,El Viso,Paseo Castellana 106,"Paseo Castellana 106, Madrid",40.4454625,-3.6907904,Vía pública,1,50 kW 2 conectores CC (CCS/Chademo) y 1 conector AC modo 2 Mennekes,50 kW,REPSOL,Convenio vía pública
3743,Chamartín,Hispanoamérica,Paseo Castellana 160,"Paseo Castellana 160, Madrid",40.4574416,-3.688508,Vía pública,2,50 kW 2 conectores CC (CCS/Chademo) y 1 conector AC modo 2 Mennekes. Equipo 150 kW: DC-CCS Combo 2 (≥ 250 A) y CHAdeMO (≥ 100 A),150 kW,REPSOL,Convenio vía pública
3744,Chamartín,Castilla,Calle Cardenal Marcelo Spínola 6,"Calle Cardenal Marcelo Spínola 6, Madrid",40.4667751,-3.6706001,Vía pública,1,50 kW 2 conectores CC (CCS/Chademo) y 1 conector AC modo 2 Mennekes,50 kW,GIC,Convenio vía pública
3745,Chamberí,Arapiles,Calle Fernández de los Ríos 42,"Calle Fernández de los Ríos 42, Madrid",40.43535625,-3.7095912141826974,Vía pública,1,50 kW 2 conectores CC (CCS/Chademo) y 1 conector AC modo 2 Mennekes,50 kW,REPSOL,Convenio vía pública
3746,Chamberí,Arapiles,Plaza del Conde de Valle de Suchil,"Plaza del Conde de Valle de Suchil, Madrid",40.431275799999995,-3.7067573657677615,Vía pública,1,50 kW 2 conectores CC (CCS/Chademo) y 1 conector AC modo 2 Mennekes,50 kW,REPSOL,Convenio vía pública
3747,Chamberí,Trafalgar,Calle Fuencarral 114,"Calle Fuencarral 114, Madrid",40.4296447,-3.7024341,Vía pública,1,50 kW 2 conectores CC (CCS/Chademo) y 1 conector AC modo 2 Mennekes,50 kW,REPSOL,Convenio vía pública
3748,Chamberí,Trafalgar,Calle Manuel Silvela 16,"Calle Manuel Silvela 16, Madrid",40.430516,-3.699163,Vía pública,1,50 kW 2 conectores CC (CCS/Chademo) y 1 conector AC modo 2 Mennekes,50 kW,GIC,Convenio vía pública
3749,Chamartín,Nueva España,"Avenida Alberto Alcocer, 11","Avenida Alberto Alcocer, 11, Madrid",40.4590308,-3.6864296,Aparcamiento,1,50 kW 2 conectores CC (CCS/Chademo) y 1 conector AC modo 2 Mennekes,50 kW,ENDESA,Convenio cesión
3750,Chamberí,Trafalgar,Calle Santa Engracia 115,"Calle Santa Engracia 115, Madrid",40.4380525,-3.7002923,Vía pública,1,50 kW 2 conectores CC (CCS/Chademo) y 1 conector AC modo 2 Mennekes,50 kW,GIC,Convenio vía pública
3751,Chamberí,Almagro,Paseo Castellana 33,"Paseo Castellana 33, Madrid",40.432546849999994,-3.689709965103191,Vía pública,1,50 kW 2 conectores CC (CCS/Chademo) y 1 conector AC modo 2 Mennekes,50 kW,GIC,Convenio vía pública
3752,Fuencarral - El Pardo,La Paz,Calle de Sinesio Delgado 2,"Calle de Sinesio Delgado 2, Madrid",40.464557363988376,-3.7202385444409805,Vía pública,1,50 kW 2 conectores CC (CCS/Chademo) y 1 conector AC modo 2 Mennekes,50 kW,GIC,Convenio vía pública
3753,Ciudad Lineal,San Juan Bautista,Calle Bueso Pineda 29,"Calle Bueso Pineda 29, Madrid",40.45580656678009,-3.6513658591835845,Vía pública,1,50 kW 2 conectores CC (CCS/Chademo) y 1 conector AC modo 2 Mennekes,50 kW,GIC,Convenio vía pública
3754,Centro,Palacio,Plaza de la Cebada,"Plaza de la Cebada, Madrid",40.4112736,-3.7083569,Mercado municipal,1,50 kW 2 conectores CC (CCS/Chademo),50 kW,DRIVE THE CITY,Convenio cesión
3755,Chamartín,Nueva España,"Calle Mateo Inurria, 4","Calle Mateo Inurria, 4 , Madrid",40.46617765,-3.6887179999999997,Estación de servicio,1,50 kW 2 conectores CC (CCS/Chademo) y 1 conector AC modo 2 Mennekes,50 kW,REPSOL,Convenio cesión
3756,Tetuán,Berruguete,"Calle Ofelia Nieto, 64","Calle Ofelia Nieto, 64 , Madrid",40.462464837050426,-3.708133373751736,Estación de servicio,1,50 kW 2 conectores CC (CCS/Chademo) y 1 conector AC modo 2 Mennekes,50 kW,REPSOL,Convenio cesión
3757,Fuencarral - El Pardo,Valverde,Calle Abetal 8 - Las Tablas,"Calle Abetal 8 - Las Tablas, Madrid",40.501784538856604,-3.6633144895875667,Estación de servicio,2,50 kW 2 conectores CC (CCS/Chademo) y 1 conector AC modo 2 Mennekes,50 kW,REPSOL,Convenio cesión
3758,Moncloa - Aravaca,Ciudad Universitaria,"A-6, 8","A-6, 8, Madrid",40.4609678,-3.7582946,Estación de servicio,1,50 kW 2 conectores CC (CCS/Chademo) y 1 conector AC modo 2 Mennekes,50 kW,REPSOL,Convenio cesión
3759,Moncloa - Aravaca,El Plantío,Avenida de la Victoria 34,"Avenida de la Victoria 34, Madrid",40.4470752,-3.7103844,Estación de servicio,1,50 kW 2 conectores CC (CCS/Chademo) y 1 conector AC modo 2 Mennekes,50 kW,REPSOL,Convenio cesión
3760,Latina,Cuatro Vientos,"Autovía del Suroeste, 9","Autovía del Suroeste, 9, Madrid",40.40811867007341,-3.7438917516720798,Estación de servicio,1,50 kW 2 conectores CC (CCS/Chademo) y 1 conector AC modo 2 Mennekes,50 kW,REPSOL,Convenio cesión
3761,Latina,Cuatro Vientos,"Av. de la Peseta, 6","Av. de la Peseta, 6, Madrid",40.3683387,-3.7658482,Estación de servicio,1,50 kW 2 conectores CC (CCS/Chademo) y 1 conector AC modo 2 Mennekes,50 kW,REPSOL,Convenio cesión
3762,Latina,Águilas,Mercado de las Águilas,"Mercado de las Águilas, Madrid",40.37785005,-3.76823157644204,Mercado municipal,1,50 kW 2 conectores CC (CCS/Chademo) y 1 conector AC modo 2 Mennekes,50 kW,DRIVE THE CITY,Convenio cesión
3763,Puente de Vallecas,Palomeras Sureste,Avenida de la Albufera 319,"Avenida de la Albufera 319, Madrid",40.3840328,-3.6321218,Aparcamiento,2,50 kW 2 conectores CC (CCS/Chademo) y 1 conector AC modo 2 Mennekes,50 kW,ECOLINERAS,Convenio cesión
3764,Hortaleza,Valdefuentes,Calle María de Portugal 15,"Calle María de Portugal 15, Madrid",40.497373499999995,-3.6630605563706506,Estación de servicio,1,50 kW 2 conectores CC (CCS/Chademo) y 1 conector AC modo 2 Mennekes,50 kW,IBERDROLA,Convenio cesión
3765,Villaverde,Butarque,Avda. de los Rosales 147,"Avda. de los Rosales 147, Madrid",40.3398809,-3.6685848,Estación de servicio,1,50 kW 2 conectores CC (CCS/Chademo) y 1 conector AC modo 2 Mennekes,50 kW,REPSOL,Convenio cesión
3766,Villa de Vallecas,Ensanche de Vallecas,"Calle Real de Arganda, 75","Calle Real de Arganda, 75, Madrid",40.37957475,-3.6196694000000003,Estación de servicio,1,50 kW 2 conectores CC (CCS/Chademo) y 1 conector AC modo 2 Mennekes,50 kW,REPSOL,Convenio cesión
3767,San Blas - Canillejas,Rejas,"C. de Fuentelencina, 62","C. de Fuentelencina, 62, Madrid",40.44889261022727,-3.569210905559255,Estación de servicio,1,50 kW 2 conectores CC (CCS/Chademo) y 1 conector AC modo 2 Mennekes,50 kW,REPSOL,Convenio cesión
3770,Centro,Sol,Plaza de Jacinto Benavente 6,"Plaza de Jacinto Benavente 6, Madrid",40.4144807,-3.7035436244656923,Aparcamiento,1,50 kW 2 conectores CC (CCS/Chademo) y 1 conector AC modo 2 Mennekes,50 kW,EMT,EMT
3771,Salamanca,Recoletos,Calle de la Armada Española,"Calle de la Armada Española , Madrid",40.424634210825076,-3.6903767172415045,Aparcamiento,4,50 kW 2 conectores CC (CCS/Chademo) y 1 conector AC modo 2 Mennekes,50 kW,EMT,EMT
3772,Salamanca,Lista,Plaza de Marqués de Salamanca,"Plaza de Marqués de Salamanca, Madrid",40.4303981252484,-3.679972070404787,Aparcamiento,1,50 kW 2 conectores CC (CCS/Chademo) y 1 conector AC modo 2 Mennekes,50 kW,EMT,EMT
3773,Chamartín,Castilla,Calle Hiedra 36,"Calle Hiedra 36, Madrid",40.47180720543637,-3.679376141640235,Aparcamiento,2,50 kW 2 conectores CC (CCS/Chademo) y 1 conector AC modo 2 Mennekes,50 kW,EMT,EMT
3774,Centro,Palacio,Plaza de la Cebada,"Plaza de la Cebada, Madrid",40.4112736,-3.7083569,Aparcamiento,1,50 kW 2 conectores CC (CCS/Chademo),50 kW,DRIVE THE CITY,Iniciativa privada
3775,Centro,Universidad,Calle Alberto Aguilera 9,"Calle Alberto Aguilera 9, Madrid",40.429402,-3.7084165,Estación de servicio,1,50 kW 2 conectores CC (CCS/Chademo),50 kW,REPSOL,Iniciativa privada
3776,Retiro,Adelfas,Plaza del Conde de Casal 6,"Plaza del Conde de Casal 6, Madrid",40.4062862,-3.669372242441858,Aparcamiento,2,50 kW 2 conectores CC (CCS/Chademo),50 kW,DRIVE THE CITY,Iniciativa privada
3777,Fuencarral - El Pardo,El Goloso,"Calle Monasterio de Arlanza, 20","Calle Monasterio de Arlanza, 20 , Madrid",40.5105475,-3.6903692,Aparcamiento,2,50 kW 2 conectores CC (CCS/Chademo),50 kW,IBERDROLA,Iniciativa privada
3778,Hortaleza,Canillas,Avenida de Machupichu 105,"Avenida de Machupichu 105, Madrid",40.4648347,-3.6362258,Estación de servicio,1,50 kW 2 conectores CC (CCS/Chademo),50 kW,GIC,Iniciativa privada
3779,Hortaleza,Valdefuentes,Avenida de Niceto Alcala Zamora 20,"Avenida de Niceto Alcala Zamora 20, Madrid",40.5004577,-3.65870715,Estación de servicio,1,50 kW 2 conectores CC (CCS/Chademo),50 kW,GIC/ GALP,Iniciativa privada
3780,Villa de Vallecas,Casco Histórico de Vallecas,"Avenida Eje Central, 7","Avenida Eje Central, 7, Madrid",40.36572133138983,-3.652522724703893,Estación de servicio,1,50 kW 2 conectores CC (CCS/Chademo) y 1 conector AC modo 2 Mennekes,50 kW,NATURGY,Iniciativa privada
3781,Villa de Vallecas,Casco Histórico de Vallecas,Carretera de Villaverde a Vallecas 278,"Carretera de Villaverde a Vallecas 278 , Madrid",40.36945160115506,-3.648605869554578,Estación de servicio,1,50 kW 2 conectores CC (CCS/Chademo),50 kW,REPSOL,Iniciativa privada
3782,Barajas,Corralejos,Avenida del Consejo de Europa 2,"Avenida del Consejo de Europa 2, Madrid",40.458417,-3.616139,Estación de servicio,4,350 kW conector CC (CCS),350 kW,GIC / CEPSA,Iniciativa privada
3783,Barajas,Corralejos,Avenida del Partenón 5,"Avenida del Partenón 5 , Madrid",40.46749475,-3.619366805586629,Aparcamiento,2,50 kW 2 conectores CC (CCS/Chademo),50 kW,IBERDROLA,Iniciativa privada
3784,Arganzuela,Palos de Moguer,"Calle del General Lacy, 21","Calle del General Lacy, 21, Madrid",40.40023520601303,-3.6910309587761834,Vía pública,3,"2 equipos 100 kW CCS/Chademo, y 1 equipo 50 kW CCS/Chademo + 1 conector 22kW AC modo 2.",100 kW,TOTALENERGIES,Concesión demanial
3793,Moratalaz,Pavones,Calle Hacienda de Pavones 231,"Calle Hacienda de Pavones 231 , Madrid",40.400725550000004,-3.634548272405329,Vía pública,3,"2 equipos 100 kW CCS Combo, y 1 equipo 50 kW CCS/Chademo + 1 conector 22kW AC modo 2.",100 kW,IBERDROLA,Concesión demanial
3798,Hortaleza,Pinar del Rey,Glorieta De Sandro Pertini,"Glorieta De Sandro Pertini , Madrid",40.46949030227158,-3.642070521065105,Vía pública,3,"2 equipos 100 kW CCS Combo, y 1 equipo 50 kW CCS/Chademo + 1 conector 22kW AC modo 2.",100 kW,IBERDROLA,Concesión demanial
3801,Villaverde,Los Rosales,Calle de Santa Florencia,"Calle de Santa Florencia , Madrid",40.34849730172464,-3.690871377913514,Vía pública,3,"2 equipos 100 kW CCS Combo, y 1 equipo 50 kW CCS/Chademo + 1 conector 22kW AC modo 2.",100 kW,IBERDROLA,Concesión demanial
3804,Vicálvaro,Valderrivas,"Calle de Minerva, 17","Calle de Minerva, 17, Madrid",40.395520719633595,-3.6070539036291756,Vía pública,3,"2 equipos 100 kW CCS/Chademo, y 1 equipo 50 kW CCS/Chademo + 1 conector 22kW AC modo 2.",100 kW,TOTALENERGIES,Concesión demanial
3807,Villa de Vallecas,Casco Histórico de Vallecas,Avenida de Legazpi,"Avenida de Legazpi, Madrid",40.360642850000005,-3.6609847,Mercamadrid,2,50 kW 2 conectores CC (CCS/Chademo) y 1 conector AC modo 2 Mennekes,50 kW,DRIVE THE CITY,Acuerdo bilateral
3808,Villa de Vallecas,Casco Histórico de Vallecas,Avenida de Legazpi,"Avenida de Legazpi, Madrid",40.360642850000005,-3.6609847,Mercamadrid,1,50 kW 2 conectores CC (CCS/Chademo) y 1 conector AC modo 2 Mennekes,50 kW,DRIVE THE CITY,Acuerdo bilateral
3809,Villa de Vallecas,Casco Histórico de Vallecas,Mercamadrid,"Mercamadrid, Madrid",40.3603834,-3.662785350358371,Mercamadrid,1,50 kW 2 conectores CC (CCS/Chademo) y 1 conector AC modo 2 Mennekes,50 kW,GIC (CIRCUTOR),Acuerdo bilateral
3810,Retiro,Ibiza,Calle Ibiza 1,"Calle Ibiza 1, Madrid",38.5404,-0.1216588,Vía pública,1,50 kW 2 conectores CC (CCS/Chademo) y 1 conector AC modo 2 Mennekes,50 kW,REPSOL,Convenio vía pública
3811,Retiro,Jerónimos,"Plaza de la Lealtad, s/n","Plaza de la Lealtad, s/n, Madrid",40.41694360741295,-3.6932110991829568,Vía pública,2,50 kW 2 conectores CC (CCS/Chademo) y 1 conector AC modo 2 Mennekes,50 kW,GIC,Convenio vía pública
3812,Carabanchel,Buenavista,"Calle Hilario Herranz Establos, 20","Calle Hilario Herranz Establos, 20, Madrid",40.37277833627155,-3.728795634529903,Estación de servicio,1,50 kW 2 conectores CC (CCS/Chademo) y 1 conector AC modo 2 Mennekes,50 kW,ENDESA,Convenio cesión
3814,Moncloa - Aravaca,Argüelles,"Calle Marqués de Urquijo, 27","Calle Marqués de Urquijo, 27, Madrid",40.4295828,-3.7190864,Aparcamiento,1,50 kW 2 conectores CC (CCS/Chademo) y 1 conector AC modo 2 Mennekes,50 kW,ENDESA,Convenio cesión
3815,Villaverde,"Villaverde Alto, Casco Histórico de Villaverde","Calle Valle de Tobalina, 24","Calle Valle de Tobalina, 24 , Madrid",40.340804004142555,-3.7108612553710447,Estación de servicio,1,50 kW 2 conectores CC (CCS/Chademo) y 1 conector AC modo 2 Mennekes,50 kW,IBERDROLA,Convenio cesión
3816,Tetuán,Cuatro Caminos,Calle Bravo Murillo 122,"Calle Bravo Murillo 122, Madrid",40.449154449999995,-3.702887907930223,Mercado municipal,2,50 kW 2 conectores CC (CCS/Chademo) y 1 conector AC modo 2 Mennekes,50 kW,DRIVE THE CITY,Convenio cesión
3818,Usera,Orcasur,"Calle de Eduardo Barreiros, 2","Calle de Eduardo Barreiros, 2 , Madrid",40.3657879177848,-3.6977885493901366,Aparcamiento,1,50 kW 2 conectores CC (CCS/Chademo) y 1 conector AC modo 2 Mennekes,50 kW,ENDESA,Convenio cesión
3819,Tetuán,Cuatro Caminos,"Avenida del General Perón, 21","Avenida del General Perón, 21, Madrid",40.45241628338564,-3.696925727677478,Aparcamiento,1,50 kW 2 conectores CC (CCS/Chademo) y 1 conector AC modo 2 Mennekes,50 kW,ENDESA,Convenio cesión
3820,Usera,Orcasur,"C. Coníferas, 12","C. Coníferas, 12, Madrid",40.36701283161155,-3.6955669738642656,Estación de servicio,1,50 KW 2 conectores CC (CCS/Chademo) y 1 conector AC modo 2 Mennekes,50 kW,REPSOL,Convenio cesión
3822,Hortaleza,Apostol Santiago,"C. Julio Danvila, 15","C. Julio Danvila, 15, Madrid",40.47225181765033,-3.662773297838859,Aparcamiento,1,50 kW 2 conectores CC (CCS/Chademo) y 1 conector AC modo 2 Mennekes,50 kW,NATURGY,Convenio cesión
3823,Villa de Vallecas,Casco Histórico de Vallecas,Calle 29,"Calle 29, Madrid",40.35705474843336,-3.6604424289116912,Mercamadrid,3,50 kW 2 conectores CC (CCS/Chademo) y 1 conector AC modo 2 Mennekes,50 kW,DRIVE THE CITY,Convenio cesión
3824,Ciudad Lineal,Ventas,"Calle Ricardo Ortiz, 44","Calle Ricardo Ortiz, 44, Madrid",40.426019499999995,-3.6585365242627796,Estación de servicio,1,50 kW 2 conectores CC (CCS/Chademo) y 1 conector AC modo 2 Mennekes,50 kW,Sudel,Convenio cesión
3825,Ciudad Lineal,Colina,"Calle Arturo Soria, 175","Calle Arturo Soria, 175, Madrid",40.46713797079046,-3.666093810197397,Estación de servicio,1,50 kW 2 conectores CC (CCS/Chademo) y 1 conector AC modo 2 Mennekes,50 kW,REPSOL,Convenio cesión
3826,Ciudad Lineal,San Pascual,Calle Verdaguer y García 5,"Calle Verdaguer y García 5 , Madrid",40.43994674407317,-3.656035472066064,Aparcamiento,1,50 kW 2 conectores CC (CCS/Chademo) y 1 conector AC modo 2 Mennekes,50 kW,ENDESA,Convenio cesión
3827,Moratalaz,Marroquina,Plaza del Corregidor Sancho de Córdoba,"Plaza del Corregidor Sancho de Córdoba, Madrid",40.40796941629195,-3.6525121390545428,Estación de servicio,1,50 kW 2 conectores CC (CCS/Chademo) y 1 conector AC modo 2 Mennekes,50 kW,REPSOL,Convenio cesión
3829,Villa de Vallecas,Casco Histórico de Vallecas,"Avenida Mayorazgo, 20","Avenida Mayorazgo, 20, Madrid",40.36911725,-3.6310810607169968,Estación de servicio,1,50 kW 2 conectores CC (CCS/Chademo) y 1 conector AC modo 2 Mennekes,50 kW,GALP,Convenio cesión
3830,San Blas - Canillejas,Simancas,"Avenida Arcentales, 7","Avenida Arcentales, 7, Madrid",40.426483,-3.626089,Estación de servicio,1,50 kW 2 conectores CC (CCS/Chademo) y 1 conector AC modo 2 Mennekes,50 kW,GALP,Convenio cesión
3831,San Blas - Canillejas,Simancas,Calle Alcalá 510,"Calle Alcalá 510 , Madrid",13.988601498154988,-89.64337070995305,Estación de servicio,1,50 kW 2 conectores CC (CCS/Chademo) y 1 conector AC modo 2 Mennekes,50 kW,REPSOL,Convenio cesión
3832,San Blas - Canillejas,Arcos,"Avenida Canillejas a Vicálvaro, 80","Avenida Canillejas a Vicálvaro, 80, Madrid",40.41568966513148,-3.610518957029991,Estación de servicio,1,50 kW 2 conectores CC (CCS/Chademo) y 1 conector AC modo 2 Mennekes,50 kW,GALP,Convenio cesión
3833,San Blas - Canillejas,Rosas,"Avenida Canillejas a Vicálvaro, 147","Avenida Canillejas a Vicálvaro, 147, Madrid",40.41568966513148,-3.610518957029991,Estación de servicio,1,50 kW 2 conectores CC (CCS/Chademo) y 1 conector AC modo 2 Mennekes,50 kW,Cerdeira,Convenio cesión
3834,Villa de Vallecas,Ensanche de Vallecas,"Calle Alto del Retiro, s/n","Calle Alto del Retiro, s/n, Madrid",40.37067176003822,-3.5958235007572568,Estación de servicio,1,50 KW 2 conectores CC (CCS/Chademo) y 1 conector AC modo 2 Mennekes,50 kW,ENDESA,Convenio cesión
3836,San Blas - Canillejas,Rejas,"Calle Deyanira, 10","Calle Deyanira, 10, Madrid",40.443436500000004,-3.5913736,Aparcamiento,1,50 KW 2 conectores CC (CCS/Chademo) y 1 conector AC modo 2 Mennekes,50 kW,NATURGY,Convenio cesión
3838,San Blas - Canillejas,Rejas,"Calle Nanclares de Oca, 5-17","Calle Nanclares de Oca, 5-17, Madrid",40.4442757950714,-3.5793883223743195,Aparcamiento,2,50 kW 2 conectores CC (CCS/Chademo) y 1 conector AC modo 2 Mennekes,50 kW,IBERDROLA,Convenio cesión
3839,Villa de Vallecas,Casco Histórico de Vallecas,"Avenida Eje Central, 7","Avenida Eje Central, 7, Madrid",40.36572133138983,-3.652522724703893,Estación de servicio,1,50 kW 2 conectores CC (CCS/Chademo) y 1 conector AC modo 2 Mennekes,50 kW,NATURGY,Convenio cesión
3840,Centro,Justicia,Calle Génova 24,"Calle Génova 24, Madrid",40.4259414,-3.6925629,Vía pública,1,50 kW 2 conectores CC (CCS/Chademo) y 1 conector AC modo 2 Mennekes,50 kW,GIC,Convenio vía pública
3841,Villaverde,San Cristóbal,Calle Godella 116,"Calle Godella 116, Madrid",40.34100933888266,-3.6870498036603556,Vía pública,3,"2 equipos 100 kW CCS/Chademo, y 1 equipo 50 kW CCS/Chademo + 1 conector 22kW AC modo 2.",100 kW,TOTALENERGIES,Concesión demanial
3843,Salamanca,Guindalera,"Calle Roberto Domingo, 4","Calle Roberto Domingo, 4, Madrid",40.43501535054218,-3.6610926328467954,Vía pública,2,1 equipo de 150 kW (DC-CCS Combo 2 (≥ 250 A) y CHAdeMO (≥ 100 A)) y 1 equipo de 50 kW (DC-CCS Combo 2 (50kW) y CHAdeMO (50kW). AC- Tipo 2 (22kW)),150 kW,REPSOL,Convenio vía pública
3858,Tetuán,Almenara,"Calle San Aquilino, 1 B","Calle San Aquilino, 1 B, Madrid",40.46762976449039,-3.69074855660997,Aparcamiento,2,50 kW 2 conectores CC (CCS/Chademo),50 kW,IBERDROLA,Iniciativa privada
3859,Chamartín,Prosperidad,Avenida de América 9,"Avenida de América 9, Madrid",40.4382236,-3.6768927,Aparcamiento,2,50 kW 2 conectores CC (CCS/Chademo),50 kW,IBERDROLA,Iniciativa privada
3863,Villa de Vallecas,Casco Histórico de Vallecas,Avda. de Madrid,"Avda. de Madrid, Madrid",40.35904900182343,-3.661473377030333,Mercamadrid,2,50 kW 2 conectores CC (CCS/Chademo) y 1 conector AC modo 2 Mennekes,50 kW,,Acuerdo bilateral
3865,Fuencarral - El Pardo,Pilar,"Av. de Monforte de Lemos, 36","Av. de Monforte de Lemos, 36, Madrid",40.4795001,-3.7067216,Aparcamiento,2,DC-CCS Combo 2 (50kW) y CHAdeMO (50kW). AC- Tipo 2 (22kW),50 kW,CC LA VAGUADA,Convenio cesión
4265,Villa de Vallecas,Casco Histórico de Vallecas,Avda. de Madrid,"Avda. de Madrid, Madrid",40.35904900182343,-3.661473377030333,Mercamadrid,1,150 kW DC-CCS Combo 2 (≥ 250 A) y CHAdeMO (≥ 100 A),150 kW,,Acuerdo bilateral
4267,Fuencarral - El Pardo,El Goloso,CAMPUS CANTOBLANCO,"CAMPUS CANTOBLANCO, Madrid",40.5453765,-3.6949577655963672,Aparcamiento,2,DC-CCS Combo 2 (50kW) y CHAdeMO (50kW) - AC- Tipo 2 (22kW),50 kW,UAM,Convenio cesión
4269,Barajas,Corralejos,Vía Dublín s/n,"Vía Dublín s/n, Madrid",40.467575977534175,-3.612057772628916,Aparcamiento,2,DC-CCS Combo 2 (50kW) y CHAdeMO (50kW). AC- Tipo 2 (22kW),50 kW,BLAUDRIVE,Convenio Cesión
4270,Usera,Moscardó,"Calle Amparo Usera, 46","Calle Amparo Usera, 46, Madrid",40.3872262,-3.7065929,Mercado municipal,1,DC-CCS Combo 2 (50kW) y CHAdeMO (50kW) AC- Tipo 2 (22kW),50 kW,BLAUDRIVE,Convenio Cesión
4275,Latina,Aluche,"C. de S. Manuel, 7-1","C. de S. Manuel, 7-1, Madrid",40.40242503181887,-3.7605311241676658,Estación de servicio,1,50 kW 2 conectores CC (CCS/Chademo) y 1 conector AC modo 2 Mennekes,50 kW,REPSOL,Convenio Cesión
4280,Ciudad Lineal,San Juan Bautista,"Calle de Ramírez de Arellano, 2","Calle de Ramírez de Arellano, 2, Madrid",40.44958188490243,-3.652918299349679,Aparcamiento,1,DC-CCS Combo 2 (50kW) y CHAdeMO (50kW) AC- Tipo 2 (22kW),50 kW,ENDESA X SERVICIOS S.L.,Convenio Cesión
4281,Salamanca,Castellana,"Calle Serrano, 61","Calle Serrano, 61, Madrid",40.4321401,-3.6870755,Aparcamiento,1,"Conectores: DC- CCS Combo 2, 50 kW y CHAdeMO 50 kW.  Toma: AC- Tipo 2, 22 kW",50 kW,ENDESA X SERVICIOS S.L.,Convenio Cesión
4662,Villa de Vallecas,Casco Histórico de Vallecas,Calle 29. Mercamadrid,"Calle 29. Mercamadrid, Madrid",40.35705474843336,-3.6604424289116912,Aparcamiento,1,180 kW 2 conectores CC (CCS),180 kW,DRIVE THE CITY,Iniciativa privada
4663,Fuencarral - El Pardo,El Goloso,CAMPUS CANTOBLANCO,"CAMPUS CANTOBLANCO, Madrid",40.5453765,-3.6949577655963672,Aparcamiento,2,DC-CCS Combo 2 (50kW) y CHAdeMO (50kW) - AC- Tipo 2 (22kW),50 kW,UAM,Convenio cesión
4664,Puente de Vallecas,San Diego,"Calle Martínez de la Riva, 4","Calle Martínez de la Riva, 4, Madrid",40.394076606216686,-3.6662816826699736,Mercado municipal,1,DC-CCS Combo 2 (50kW) y CHAdeMO (50kW) AC- Tipo 2 (22kW),50 kW,BLAUDRIVE,Convenio Cesión
5464,Chamartín,El Viso,Calle María de Molina 21,"Calle María de Molina 21, Madrid",40.437927,-3.684589,Estación de servicio,1,50 kW 2 conectores CC (CCS/Chademo) y 1 conector AC modo 2 Mennekes,50 kW,REPSOL,Convenio Cesión
6667,Centro,Sol,Calle Alcalá 17,"Calle Alcalá 17, Madrid",40.28570185,-3.747178488756261,Aparcamiento,12,"4 equipos 400 kW, 4 equipos 200 kW, 4 equipos 50 kW 2 conectores CC (CCS/Chademo) y 1 conector AC modo 2 Mennekes",400 kW,EMT,EMT
6668,Fuencarral - El Pardo,Peñagrande,Avenida Cardenal Herrera Oria 290,"Avenida Cardenal Herrera Oria 290, Madrid",40.47983213981173,-3.7233181545007885,Estación de Servicio,1,50 kW 2 conectores CC (CCS/Chademo) y 1 conector AC modo 2 Mennekes,50 kW,REPSOL,Convenio cesión
6673,Salamanca,Recoletos,Paseo Recoletos 4,"Paseo Recoletos 4, Madrid",40.4205603,-3.6919389,Aparcamiento,2,50 kW 2 conectores CC (CCS/Chademo) y 1 conector AC modo 2 Mennekes,50 kW,EMT,EMT
